10;30;18;30;0;1;0;0;1;0;2;0;(1,0);(2,0);(3,1);(4,0);(5,0);(6,0);(7,1);(8,0);(9,0);(10,0);(11,0);(12,0);(13,0);(14,0);(15,0);(16,0);(17,0);(18,0);(19,0);(20,0);(21,0);(22,0);(23,0);(24,0);(25,0);(26,0);(27,0);(28,0);(29,0);(30,0);(31,0);(32,0);(33,0);(34,0);(35,0);(36,0);(37,0);(38,0);(39,0);(40,0);(41,0);(42,0);(43,0);(44,0);(45,0);(46,0);(47,0);(48,0);(49,0);(50,0);
20;31;17;30;0;1;0;1;0;0;7;0;(1,0);(2,0);(3,1);(4,0);(5,0);(6,0);(7,1);(8,0);(9,0);(10,0);(11,0);(12,0);(13,0);(14,0);(15,0);(16,0);(17,0);(18,0);(19,0);(20,0);(21,0);(22,0);(23,0);(24,0);(25,0);(26,0);(27,0);(28,0);(29,0);(30,0);(31,0);(32,0);(33,0);(34,0);(35,0);(36,0);(37,0);(38,0);(39,0);(40,0);(41,0);(42,0);(43,0);(44,0);(45,0);(46,0);(47,0);(48,0);(49,0);(50,0);
30;30;18;30;0;1;0;0;1;0;13;0;(1,0);(2,0);(3,1);(4,0);(5,0);(6,0);(7,1);(8,0);(9,0);(10,0);(11,0);(12,0);(13,0);(14,0);(15,0);(16,0);(17,0);(18,0);(19,0);(20,0);(21,0);(22,0);(23,0);(24,0);(25,0);(26,0);(27,0);(28,0);(29,0);(30,0);(31,0);(32,0);(33,0);(34,0);(35,0);(36,0);(37,0);(38,0);(39,0);(40,0);(41,0);(42,0);(43,0);(44,0);(45,0);(46,0);(47,0);(48,0);(49,0);(50,0);
40;31;17;30;0;1;0;0;1;0;18;0;(1,0);(2,0);(3,1);(4,0);(5,0);(6,0);(7,1);(8,0);(9,0);(10,0);(11,0);(12,0);(13,0);(14,0);(15,0);(16,0);(17,0);(18,0);(19,0);(20,0);(21,0);(22,0);(23,0);(24,0);(25,0);(26,0);(27,0);(28,0);(29,0);(30,0);(31,0);(32,0);(33,0);(34,0);(35,0);(36,0);(37,0);(38,0);(39,0);(40,0);(41,0);(42,0);(43,0);(44,0);(45,0);(46,0);(47,0);(48,0);(49,0);(50,0);
50;30;18;30;0;1;0;0;1;0;22;0;(1,0);(2,0);(3,1);(4,0);(5,0);(6,0);(7,1);(8,0);(9,0);(10,0);(11,0);(12,0);(13,0);(14,0);(15,0);(16,0);(17,0);(18,0);(19,0);(20,0);(21,0);(22,0);(23,0);(24,0);(25,0);(26,0);(27,0);(28,0);(29,0);(30,0);(31,0);(32,0);(33,0);(34,0);(35,0);(36,0);(37,0);(38,0);(39,0);(40,0);(41,0);(42,0);(43,0);(44,0);(45,0);(46,0);(47,0);(48,0);(49,0);(50,0);
60;31;17;30;1;0;0;0;1;0;26;0;(1,0);(2,0);(3,1);(4,0);(5,0);(6,0);(7,1);(8,0);(9,0);(10,0);(11,0);(12,0);(13,0);(14,0);(15,0);(16,0);(17,0);(18,0);(19,0);(20,0);(21,0);(22,0);(23,0);(24,0);(25,0);(26,0);(27,0);(28,0);(29,0);(30,0);(31,0);(32,0);(33,0);(34,0);(35,0);(36,0);(37,0);(38,0);(39,0);(40,0);(41,0);(42,0);(43,0);(44,0);(45,0);(46,0);(47,0);(48,0);(49,0);(50,0);
70;30;18;30;1;0;0;0;1;0;29;0;(1,0);(2,0);(3,1);(4,0);(5,0);(6,0);(7,1);(8,0);(9,0);(10,0);(11,0);(12,0);(13,0);(14,0);(15,0);(16,0);(17,0);(18,0);(19,0);(20,0);(21,0);(22,0);(23,0);(24,0);(25,0);(26,0);(27,0);(28,0);(29,0);(30,0);(31,0);(32,0);(33,0);(34,0);(35,0);(36,0);(37,0);(38,0);(39,0);(40,0);(41,0);(42,0);(43,0);(44,0);(45,0);(46,0);(47,0);(48,0);(49,0);(50,0);
80;31;17;30;1;0;0;1;0;0;31;0;(1,0);(2,0);(3,1);(4,0);(5,0);(6,0);(7,1);(8,0);(9,0);(10,0);(11,0);(12,0);(13,0);(14,0);(15,0);(16,0);(17,0);(18,0);(19,0);(20,0);(21,0);(22,0);(23,0);(24,0);(25,0);(26,0);(27,0);(28,0);(29,0);(30,0);(31,0);(32,0);(33,0);(34,0);(35,0);(36,0);(37,0);(38,0);(39,0);(40,0);(41,0);(42,0);(43,0);(44,0);(45,0);(46,0);(47,0);(48,0);(49,0);(50,0);
90;30;18;30;1;0;0;0;1;0;34;0;(1,0);(2,0);(3,1);(4,0);(5,0);(6,0);(7,1);(8,0);(9,0);(10,0);(11,0);(12,0);(13,0);(14,0);(15,0);(16,0);(17,0);(18,0);(19,0);(20,0);(21,0);(22,0);(23,0);(24,0);(25,0);(26,0);(27,0);(28,0);(29,0);(30,0);(31,0);(32,0);(33,0);(34,0);(35,0);(36,0);(37,0);(38,0);(39,0);(40,0);(41,0);(42,0);(43,0);(44,0);(45,0);(46,0);(47,0);(48,0);(49,0);(50,0);
100;30;18;30;0;1;0;0;1;0;37;0;(1,0);(2,0);(3,1);(4,0);(5,0);(6,0);(7,1);(8,0);(9,0);(10,0);(11,0);(12,0);(13,0);(14,0);(15,0);(16,0);(17,0);(18,0);(19,0);(20,0);(21,0);(22,0);(23,0);(24,0);(25,0);(26,0);(27,0);(28,0);(29,0);(30,0);(31,0);(32,0);(33,0);(34,0);(35,0);(36,0);(37,0);(38,0);(39,0);(40,0);(41,0);(42,0);(43,0);(44,0);(45,0);(46,0);(47,0);(48,0);(49,0);(50,0);
110;31;17;30;0;1;0;0;1;0;40;0;(1,0);(2,0);(3,1);(4,0);(5,0);(6,0);(7,1);(8,0);(9,0);(10,0);(11,0);(12,0);(13,0);(14,0);(15,0);(16,0);(17,0);(18,0);(19,0);(20,0);(21,0);(22,0);(23,0);(24,0);(25,0);(26,0);(27,0);(28,0);(29,0);(30,0);(31,0);(32,0);(33,0);(34,0);(35,0);(36,0);(37,0);(38,0);(39,0);(40,0);(41,0);(42,0);(43,0);(44,0);(45,0);(46,0);(47,0);(48,0);(49,0);(50,0);
120;29;17;29;1;2;1;0;1;0;42;0;(1,0);(2,0);(3,1);(4,0);(5,0);(6,0);(7,1);(8,0);(9,1);(10,0);(11,0);(12,0);(13,0);(14,1);(15,0);(16,0);(17,0);(18,0);(19,0);(20,0);(21,0);(22,0);(23,0);(24,0);(25,0);(26,0);(27,0);(28,0);(29,0);(30,0);(31,0);(32,0);(33,0);(34,0);(35,0);(36,0);(37,0);(38,0);(39,0);(40,0);(41,0);(42,0);(43,0);(44,0);(45,0);(46,0);(47,0);(48,0);(49,0);(50,0);
130;29;16;28;2;2;2;0;1;0;45;0;(1,0);(2,0);(3,1);(4,0);(5,0);(6,0);(7,1);(8,0);(9,1);(10,0);(11,0);(12,0);(13,0);(14,1);(15,0);(16,0);(17,0);(18,0);(19,1);(20,0);(21,0);(22,0);(23,0);(24,0);(25,0);(26,0);(27,0);(28,0);(29,0);(30,0);(31,0);(32,0);(33,0);(34,0);(35,0);(36,0);(37,0);(38,0);(39,0);(40,0);(41,0);(42,0);(43,0);(44,0);(45,0);(46,0);(47,0);(48,0);(49,0);(50,0);
140;27;17;27;3;2;3;0;1;0;48;0;(1,0);(2,0);(3,1);(4,0);(5,0);(6,0);(7,1);(8,0);(9,1);(10,0);(11,0);(12,0);(13,0);(14,1);(15,0);(16,0);(17,0);(18,0);(19,1);(20,0);(21,0);(22,0);(23,0);(24,0);(25,0);(26,1);(27,0);(28,0);(29,0);(30,0);(31,0);(32,0);(33,0);(34,0);(35,0);(36,0);(37,0);(38,0);(39,0);(40,0);(41,0);(42,0);(43,0);(44,0);(45,0);(46,0);(47,0);(48,0);(49,0);(50,0);
150;27;16;25;4;2;5;0;1;0;51;0;(1,0);(2,0);(3,1);(4,0);(5,0);(6,0);(7,1);(8,0);(9,1);(10,0);(11,0);(12,0);(13,0);(14,1);(15,0);(16,0);(17,0);(18,0);(19,1);(20,0);(21,0);(22,0);(23,0);(24,0);(25,0);(26,1);(27,0);(28,0);(29,0);(30,1);(31,0);(32,0);(33,0);(34,0);(35,0);(36,0);(37,0);(38,0);(39,0);(40,0);(41,0);(42,0);(43,0);(44,0);(45,0);(46,0);(47,0);(48,0);(49,0);(50,0);
160;25;17;25;5;2;5;1;0;0;55;0;(1,0);(2,0);(3,1);(4,0);(5,0);(6,0);(7,1);(8,0);(9,1);(10,0);(11,0);(12,0);(13,0);(14,1);(15,0);(16,0);(17,0);(18,0);(19,1);(20,0);(21,0);(22,0);(23,0);(24,0);(25,0);(26,1);(27,0);(28,0);(29,0);(30,1);(31,0);(32,0);(33,0);(34,0);(35,0);(36,0);(37,1);(38,0);(39,0);(40,0);(41,0);(42,0);(43,0);(44,0);(45,0);(46,0);(47,0);(48,0);(49,0);(50,0);
170;26;15;24;7;1;6;0;1;0;58;0;(1,0);(2,0);(3,1);(4,0);(5,0);(6,0);(7,1);(8,0);(9,1);(10,0);(11,0);(12,0);(13,0);(14,1);(15,0);(16,0);(17,0);(18,0);(19,1);(20,0);(21,0);(22,0);(23,0);(24,0);(25,0);(26,1);(27,0);(28,0);(29,0);(30,1);(31,0);(32,0);(33,0);(34,0);(35,0);(36,0);(37,1);(38,0);(39,0);(40,0);(41,0);(42,0);(43,0);(44,0);(45,0);(46,0);(47,0);(48,1);(49,0);(50,0);
180;25;14;23;8;2;7;0;1;0;61;0;(1,0);(2,0);(3,1);(4,0);(5,0);(6,0);(7,1);(8,0);(9,1);(10,0);(11,0);(12,0);(13,0);(14,1);(15,0);(16,0);(17,0);(18,0);(19,1);(20,0);(21,0);(22,0);(23,0);(24,0);(25,0);(26,1);(27,0);(28,0);(29,0);(30,1);(31,0);(32,0);(33,0);(34,0);(35,0);(36,0);(37,1);(38,0);(39,0);(40,0);(41,0);(42,0);(43,0);(44,0);(45,0);(46,0);(47,1);(48,1);(49,0);(50,1);
190;24;14;22;8;3;8;0;1;0;65;0;(1,0);(2,0);(3,1);(4,0);(5,0);(6,0);(7,1);(8,0);(9,1);(10,0);(11,0);(12,0);(13,0);(14,1);(15,0);(16,0);(17,0);(18,0);(19,1);(20,0);(21,0);(22,0);(23,0);(24,0);(25,0);(26,1);(27,0);(28,0);(29,0);(30,1);(31,0);(32,0);(33,0);(34,0);(35,0);(36,0);(37,1);(38,0);(39,0);(40,1);(41,0);(42,0);(43,0);(44,0);(45,0);(46,0);(47,1);(48,1);(49,0);(50,1);
200;23;14;22;9;3;8;0;1;0;68;0;(1,0);(2,0);(3,1);(4,0);(5,0);(6,0);(7,1);(8,0);(9,1);(10,0);(11,0);(12,0);(13,0);(14,1);(15,0);(16,0);(17,0);(18,0);(19,1);(20,0);(21,0);(22,0);(23,0);(24,0);(25,0);(26,1);(27,0);(28,0);(29,0);(30,1);(31,0);(32,0);(33,0);(34,0);(35,0);(36,1);(37,1);(38,0);(39,0);(40,1);(41,0);(42,0);(43,0);(44,0);(45,0);(46,0);(47,1);(48,1);(49,0);(50,1);
210;22;14;20;10;3;10;1;0;0;71;0;(1,0);(2,0);(3,1);(4,0);(5,0);(6,0);(7,1);(8,0);(9,1);(10,0);(11,0);(12,0);(13,0);(14,1);(15,0);(16,0);(17,0);(18,0);(19,1);(20,0);(21,0);(22,0);(23,0);(24,1);(25,0);(26,1);(27,0);(28,0);(29,0);(30,1);(31,0);(32,0);(33,0);(34,0);(35,0);(36,1);(37,1);(38,0);(39,0);(40,1);(41,0);(42,0);(43,0);(44,0);(45,0);(46,0);(47,1);(48,1);(49,0);(50,1);
220;20;15;20;10;4;10;0;1;0;74;0;(1,0);(2,0);(3,1);(4,0);(5,0);(6,0);(7,1);(8,0);(9,1);(10,0);(11,0);(12,0);(13,0);(14,1);(15,0);(16,0);(17,0);(18,0);(19,1);(20,0);(21,0);(22,0);(23,0);(24,1);(25,0);(26,1);(27,0);(28,0);(29,0);(30,1);(31,0);(32,0);(33,0);(34,0);(35,0);(36,1);(37,1);(38,0);(39,0);(40,1);(41,0);(42,0);(43,0);(44,1);(45,0);(46,0);(47,1);(48,1);(49,0);(50,1);
230;18;14;18;13;4;12;1;0;0;78;0;(1,0);(2,0);(3,1);(4,0);(5,0);(6,0);(7,1);(8,0);(9,1);(10,0);(11,0);(12,0);(13,0);(14,1);(15,0);(16,0);(17,0);(18,0);(19,1);(20,0);(21,0);(22,0);(23,0);(24,1);(25,0);(26,1);(27,0);(28,1);(29,0);(30,1);(31,1);(32,1);(33,0);(34,0);(35,0);(36,1);(37,1);(38,0);(39,0);(40,1);(41,0);(42,0);(43,0);(44,1);(45,0);(46,0);(47,1);(48,1);(49,0);(50,1);
240;17;14;16;12;6;14;0;1;0;81;0;(1,0);(2,0);(3,1);(4,0);(5,0);(6,0);(7,1);(8,0);(9,1);(10,0);(11,0);(12,0);(13,0);(14,1);(15,0);(16,1);(17,0);(18,0);(19,1);(20,0);(21,0);(22,0);(23,0);(24,1);(25,0);(26,1);(27,0);(28,1);(29,0);(30,1);(31,1);(32,1);(33,0);(34,0);(35,0);(36,1);(37,1);(38,0);(39,0);(40,1);(41,0);(42,0);(43,0);(44,1);(45,0);(46,0);(47,1);(48,1);(49,0);(50,1);
250;15;14;14;16;4;16;0;1;0;85;0;(1,0);(2,0);(3,1);(4,0);(5,0);(6,0);(7,1);(8,0);(9,1);(10,0);(11,0);(12,0);(13,0);(14,1);(15,0);(16,1);(17,0);(18,1);(19,1);(20,0);(21,1);(22,0);(23,0);(24,1);(25,0);(26,1);(27,0);(28,1);(29,0);(30,1);(31,1);(32,1);(33,0);(34,0);(35,0);(36,1);(37,1);(38,0);(39,0);(40,1);(41,0);(42,0);(43,0);(44,1);(45,0);(46,0);(47,1);(48,1);(49,0);(50,1);
260;13;14;12;18;4;18;1;0;0;89;0;(1,0);(2,0);(3,1);(4,0);(5,0);(6,0);(7,1);(8,0);(9,1);(10,0);(11,0);(12,0);(13,0);(14,1);(15,0);(16,1);(17,0);(18,1);(19,1);(20,0);(21,1);(22,0);(23,0);(24,1);(25,0);(26,1);(27,0);(28,1);(29,0);(30,1);(31,1);(32,1);(33,0);(34,0);(35,0);(36,1);(37,1);(38,0);(39,0);(40,1);(41,0);(42,0);(43,0);(44,1);(45,0);(46,1);(47,1);(48,1);(49,1);(50,1);
270;13;13;12;19;4;18;1;0;0;92;0;(1,0);(2,0);(3,1);(4,0);(5,1);(6,0);(7,1);(8,0);(9,1);(10,0);(11,0);(12,0);(13,0);(14,1);(15,0);(16,1);(17,0);(18,1);(19,1);(20,0);(21,1);(22,0);(23,0);(24,1);(25,0);(26,1);(27,0);(28,1);(29,0);(30,1);(31,1);(32,1);(33,0);(34,0);(35,0);(36,1);(37,1);(38,0);(39,0);(40,1);(41,0);(42,0);(43,0);(44,1);(45,0);(46,1);(47,1);(48,1);(49,1);(50,1);
280;11;14;11;20;4;19;0;1;0;96;0;(1,0);(2,0);(3,1);(4,1);(5,1);(6,0);(7,1);(8,0);(9,1);(10,0);(11,0);(12,0);(13,0);(14,1);(15,0);(16,1);(17,0);(18,1);(19,1);(20,0);(21,1);(22,0);(23,0);(24,1);(25,0);(26,1);(27,0);(28,1);(29,0);(30,1);(31,1);(32,1);(33,0);(34,0);(35,0);(36,1);(37,1);(38,0);(39,0);(40,1);(41,0);(42,0);(43,0);(44,1);(45,0);(46,1);(47,1);(48,1);(49,1);(50,1);
290;11;13;10;20;5;20;0;1;0;100;0;(1,0);(2,0);(3,1);(4,1);(5,1);(6,0);(7,1);(8,0);(9,1);(10,0);(11,0);(12,0);(13,0);(14,1);(15,0);(16,1);(17,0);(18,1);(19,1);(20,1);(21,1);(22,0);(23,0);(24,1);(25,0);(26,1);(27,0);(28,1);(29,0);(30,1);(31,1);(32,1);(33,0);(34,0);(35,0);(36,1);(37,1);(38,0);(39,0);(40,1);(41,0);(42,0);(43,0);(44,1);(45,0);(46,1);(47,1);(48,1);(49,1);(50,1);
300;11;12;10;21;5;20;0;1;0;103;0;(1,0);(2,1);(3,1);(4,1);(5,1);(6,0);(7,1);(8,0);(9,1);(10,0);(11,0);(12,0);(13,0);(14,1);(15,0);(16,1);(17,0);(18,1);(19,1);(20,1);(21,1);(22,0);(23,0);(24,1);(25,0);(26,1);(27,0);(28,1);(29,0);(30,1);(31,1);(32,1);(33,0);(34,0);(35,0);(36,1);(37,1);(38,0);(39,0);(40,1);(41,0);(42,0);(43,0);(44,1);(45,0);(46,1);(47,1);(48,1);(49,1);(50,1);
310;9;12;9;21;7;21;0;1;0;107;0;(1,0);(2,1);(3,1);(4,1);(5,1);(6,1);(7,1);(8,0);(9,1);(10,0);(11,0);(12,0);(13,0);(14,1);(15,0);(16,1);(17,0);(18,1);(19,1);(20,1);(21,1);(22,0);(23,0);(24,1);(25,0);(26,1);(27,0);(28,1);(29,0);(30,1);(31,1);(32,1);(33,1);(34,0);(35,0);(36,1);(37,1);(38,0);(39,0);(40,1);(41,0);(42,0);(43,0);(44,1);(45,0);(46,1);(47,1);(48,1);(49,1);(50,1);
320;9;11;9;21;8;21;1;0;0;110;0;(1,0);(2,1);(3,1);(4,1);(5,1);(6,1);(7,1);(8,0);(9,1);(10,0);(11,0);(12,0);(13,0);(14,1);(15,0);(16,1);(17,0);(18,1);(19,1);(20,1);(21,1);(22,1);(23,0);(24,1);(25,0);(26,1);(27,0);(28,1);(29,0);(30,1);(31,1);(32,1);(33,1);(34,0);(35,0);(36,1);(37,1);(38,0);(39,0);(40,1);(41,0);(42,0);(43,0);(44,1);(45,0);(46,1);(47,1);(48,1);(49,1);(50,1);
330;9;11;9;21;8;21;1;0;0;114;0;(1,0);(2,1);(3,1);(4,1);(5,1);(6,1);(7,1);(8,0);(9,1);(10,0);(11,0);(12,0);(13,0);(14,1);(15,0);(16,1);(17,0);(18,1);(19,1);(20,1);(21,1);(22,1);(23,0);(24,1);(25,0);(26,1);(27,0);(28,1);(29,0);(30,1);(31,1);(32,1);(33,1);(34,0);(35,0);(36,1);(37,1);(38,0);(39,0);(40,1);(41,0);(42,0);(43,0);(44,1);(45,0);(46,1);(47,1);(48,1);(49,1);(50,1);
340;9;11;9;22;7;21;0;1;0;117;0;(1,0);(2,1);(3,1);(4,1);(5,1);(6,1);(7,1);(8,0);(9,1);(10,0);(11,0);(12,0);(13,0);(14,1);(15,0);(16,1);(17,0);(18,1);(19,1);(20,1);(21,1);(22,1);(23,0);(24,1);(25,0);(26,1);(27,0);(28,1);(29,0);(30,1);(31,1);(32,1);(33,1);(34,0);(35,0);(36,1);(37,1);(38,0);(39,0);(40,1);(41,0);(42,0);(43,0);(44,1);(45,0);(46,1);(47,1);(48,1);(49,1);(50,1);
350;9;10;9;22;8;21;0;1;0;121;0;(1,1);(2,1);(3,1);(4,1);(5,1);(6,1);(7,1);(8,0);(9,1);(10,0);(11,0);(12,0);(13,0);(14,1);(15,0);(16,1);(17,0);(18,1);(19,1);(20,1);(21,1);(22,1);(23,0);(24,1);(25,0);(26,1);(27,0);(28,1);(29,0);(30,1);(31,1);(32,1);(33,1);(34,0);(35,0);(36,1);(37,1);(38,0);(39,0);(40,1);(41,0);(42,0);(43,0);(44,1);(45,0);(46,1);(47,1);(48,1);(49,1);(50,1);
360;8;9;8;23;9;22;0;1;0;125;0;(1,1);(2,1);(3,1);(4,1);(5,1);(6,1);(7,1);(8,0);(9,1);(10,0);(11,0);(12,0);(13,0);(14,1);(15,0);(16,1);(17,0);(18,1);(19,1);(20,1);(21,1);(22,1);(23,1);(24,1);(25,0);(26,1);(27,1);(28,1);(29,0);(30,1);(31,1);(32,1);(33,1);(34,0);(35,0);(36,1);(37,1);(38,0);(39,0);(40,1);(41,0);(42,0);(43,0);(44,1);(45,0);(46,1);(47,1);(48,1);(49,1);(50,1);
370;8;8;8;22;11;22;1;0;0;129;0;(1,1);(2,1);(3,1);(4,1);(5,1);(6,1);(7,1);(8,0);(9,1);(10,0);(11,1);(12,0);(13,0);(14,1);(15,0);(16,1);(17,0);(18,1);(19,1);(20,1);(21,1);(22,1);(23,1);(24,1);(25,0);(26,1);(27,1);(28,1);(29,0);(30,1);(31,1);(32,1);(33,1);(34,0);(35,0);(36,1);(37,1);(38,0);(39,0);(40,1);(41,0);(42,0);(43,0);(44,1);(45,0);(46,1);(47,1);(48,1);(49,1);(50,1);
380;8;8;8;23;10;22;0;1;0;133;0;(1,1);(2,1);(3,1);(4,1);(5,1);(6,1);(7,1);(8,0);(9,1);(10,0);(11,1);(12,0);(13,0);(14,1);(15,0);(16,1);(17,0);(18,1);(19,1);(20,1);(21,1);(22,1);(23,1);(24,1);(25,0);(26,1);(27,1);(28,1);(29,0);(30,1);(31,1);(32,1);(33,1);(34,0);(35,0);(36,1);(37,1);(38,0);(39,0);(40,1);(41,0);(42,0);(43,0);(44,1);(45,0);(46,1);(47,1);(48,1);(49,1);(50,1);
390;8;7;7;23;11;23;0;1;0;136;0;(1,1);(2,1);(3,1);(4,1);(5,1);(6,1);(7,1);(8,0);(9,1);(10,0);(11,1);(12,1);(13,0);(14,1);(15,0);(16,1);(17,0);(18,1);(19,1);(20,1);(21,1);(22,1);(23,1);(24,1);(25,0);(26,1);(27,1);(28,1);(29,0);(30,1);(31,1);(32,1);(33,1);(34,0);(35,0);(36,1);(37,1);(38,0);(39,0);(40,1);(41,0);(42,0);(43,0);(44,1);(45,0);(46,1);(47,1);(48,1);(49,1);(50,1);
400;7;8;7;23;11;23;1;0;0;139;0;(1,1);(2,1);(3,1);(4,1);(5,1);(6,1);(7,1);(8,0);(9,1);(10,0);(11,1);(12,1);(13,0);(14,1);(15,0);(16,1);(17,0);(18,1);(19,1);(20,1);(21,1);(22,1);(23,1);(24,1);(25,0);(26,1);(27,1);(28,1);(29,0);(30,1);(31,1);(32,1);(33,1);(34,0);(35,0);(36,1);(37,1);(38,0);(39,0);(40,1);(41,0);(42,0);(43,0);(44,1);(45,0);(46,1);(47,1);(48,1);(49,1);(50,1);
410;6;8;6;24;11;24;1;0;0;142;0;(1,1);(2,1);(3,1);(4,1);(5,1);(6,1);(7,1);(8,1);(9,1);(10,0);(11,1);(12,1);(13,0);(14,1);(15,0);(16,1);(17,0);(18,1);(19,1);(20,1);(21,1);(22,1);(23,1);(24,1);(25,0);(26,1);(27,1);(28,1);(29,0);(30,1);(31,1);(32,1);(33,1);(34,0);(35,0);(36,1);(37,1);(38,0);(39,0);(40,1);(41,0);(42,0);(43,0);(44,1);(45,0);(46,1);(47,1);(48,1);(49,1);(50,1);
420;7;7;5;24;11;25;0;1;0;145;0;(1,1);(2,1);(3,1);(4,1);(5,1);(6,1);(7,1);(8,1);(9,1);(10,0);(11,1);(12,1);(13,0);(14,1);(15,0);(16,1);(17,0);(18,1);(19,1);(20,1);(21,1);(22,1);(23,1);(24,1);(25,0);(26,1);(27,1);(28,1);(29,0);(30,1);(31,1);(32,1);(33,1);(34,0);(35,0);(36,1);(37,1);(38,0);(39,0);(40,1);(41,0);(42,0);(43,0);(44,1);(45,0);(46,1);(47,1);(48,1);(49,1);(50,1);
430;4;8;4;26;11;26;0;1;0;148;0;(1,1);(2,1);(3,1);(4,1);(5,1);(6,1);(7,1);(8,1);(9,1);(10,1);(11,1);(12,1);(13,0);(14,1);(15,0);(16,1);(17,0);(18,1);(19,1);(20,1);(21,1);(22,1);(23,1);(24,1);(25,0);(26,1);(27,1);(28,1);(29,0);(30,1);(31,1);(32,1);(33,1);(34,1);(35,0);(36,1);(37,1);(38,0);(39,0);(40,1);(41,0);(42,0);(43,0);(44,1);(45,0);(46,1);(47,1);(48,1);(49,1);(50,1);
440;4;8;4;26;11;26;1;0;0;151;0;(1,1);(2,1);(3,1);(4,1);(5,1);(6,1);(7,1);(8,1);(9,1);(10,1);(11,1);(12,1);(13,0);(14,1);(15,0);(16,1);(17,0);(18,1);(19,1);(20,1);(21,1);(22,1);(23,1);(24,1);(25,0);(26,1);(27,1);(28,1);(29,0);(30,1);(31,1);(32,1);(33,1);(34,1);(35,0);(36,1);(37,1);(38,0);(39,0);(40,1);(41,0);(42,0);(43,0);(44,1);(45,0);(46,1);(47,1);(48,1);(49,1);(50,1);
450;4;8;4;27;10;26;0;1;0;154;0;(1,1);(2,1);(3,1);(4,1);(5,1);(6,1);(7,1);(8,1);(9,1);(10,1);(11,1);(12,1);(13,0);(14,1);(15,0);(16,1);(17,0);(18,1);(19,1);(20,1);(21,1);(22,1);(23,1);(24,1);(25,0);(26,1);(27,1);(28,1);(29,0);(30,1);(31,1);(32,1);(33,1);(34,1);(35,0);(36,1);(37,1);(38,0);(39,0);(40,1);(41,0);(42,0);(43,0);(44,1);(45,0);(46,1);(47,1);(48,1);(49,1);(50,1);
460;4;8;3;27;10;27;1;0;0;157;0;(1,1);(2,1);(3,1);(4,1);(5,1);(6,1);(7,1);(8,1);(9,1);(10,1);(11,1);(12,1);(13,0);(14,1);(15,0);(16,1);(17,0);(18,1);(19,1);(20,1);(21,1);(22,1);(23,1);(24,1);(25,0);(26,1);(27,1);(28,1);(29,0);(30,1);(31,1);(32,1);(33,1);(34,1);(35,0);(36,1);(37,1);(38,0);(39,0);(40,1);(41,0);(42,0);(43,0);(44,1);(45,0);(46,1);(47,1);(48,1);(49,1);(50,1);
470;3;9;2;27;10;28;0;1;0;161;0;(1,1);(2,1);(3,1);(4,1);(5,1);(6,1);(7,1);(8,1);(9,1);(10,1);(11,1);(12,1);(13,0);(14,1);(15,0);(16,1);(17,0);(18,1);(19,1);(20,1);(21,1);(22,1);(23,1);(24,1);(25,0);(26,1);(27,1);(28,1);(29,0);(30,1);(31,1);(32,1);(33,1);(34,1);(35,0);(36,1);(37,1);(38,0);(39,0);(40,1);(41,0);(42,0);(43,0);(44,1);(45,0);(46,1);(47,1);(48,1);(49,1);(50,1);
480;2;9;2;28;9;27;1;1;1;164;0;(1,1);(2,1);(3,1);(4,1);(5,1);(6,1);(7,1);(8,1);(9,1);(10,1);(11,1);(12,1);(13,1);(14,1);(15,0);(16,1);(17,0);(18,1);(19,1);(20,1);(21,1);(22,1);(23,1);(24,1);(25,0);(26,1);(27,1);(28,1);(29,0);(30,1);(31,2);(32,1);(33,1);(34,1);(35,0);(36,1);(37,1);(38,0);(39,0);(40,1);(41,0);(42,0);(43,0);(44,1);(45,0);(46,1);(47,1);(48,1);(49,1);(50,1);
490;2;9;2;27;10;27;1;1;1;167;0;(1,1);(2,1);(3,1);(4,1);(5,1);(6,1);(7,1);(8,1);(9,1);(10,1);(11,1);(12,1);(13,1);(14,1);(15,0);(16,1);(17,0);(18,1);(19,1);(20,1);(21,1);(22,1);(23,1);(24,1);(25,0);(26,1);(27,1);(28,1);(29,0);(30,1);(31,2);(32,1);(33,1);(34,1);(35,0);(36,1);(37,1);(38,0);(39,0);(40,1);(41,0);(42,0);(43,0);(44,1);(45,0);(46,1);(47,1);(48,1);(49,1);(50,1);
500;2;8;7;25;10;25;3;2;3;170;0;(1,1);(2,1);(3,1);(4,1);(5,1);(6,2);(7,1);(8,1);(9,1);(10,1);(11,1);(12,1);(13,1);(14,1);(15,1);(16,1);(17,0);(18,1);(19,1);(20,1);(21,1);(22,1);(23,1);(24,1);(25,0);(26,1);(27,1);(28,1);(29,0);(30,1);(31,2);(32,1);(33,1);(34,1);(35,0);(36,1);(37,1);(38,0);(39,0);(40,1);(41,0);(42,0);(43,0);(44,2);(45,0);(46,1);(47,1);(48,1);(49,1);(50,1);
510;7;9;7;25;4;25;3;2;3;174;0;(1,1);(2,1);(3,1);(4,1);(5,1);(6,2);(7,1);(8,1);(9,1);(10,1);(11,1);(12,1);(13,1);(14,1);(15,1);(16,1);(17,0);(18,1);(19,1);(20,2);(21,1);(22,1);(23,1);(24,1);(25,0);(26,1);(27,1);(28,1);(29,0);(30,1);(31,2);(32,1);(33,2);(34,1);(35,0);(36,2);(37,1);(38,0);(39,0);(40,1);(41,0);(42,0);(43,0);(44,2);(45,0);(46,1);(47,2);(48,1);(49,2);(50,2);
520;7;9;7;25;4;25;4;1;3;177;0;(1,1);(2,1);(3,1);(4,1);(5,1);(6,2);(7,1);(8,1);(9,1);(10,1);(11,1);(12,1);(13,1);(14,1);(15,1);(16,1);(17,0);(18,1);(19,1);(20,2);(21,1);(22,1);(23,1);(24,1);(25,0);(26,1);(27,1);(28,1);(29,0);(30,1);(31,2);(32,1);(33,2);(34,1);(35,0);(36,2);(37,1);(38,0);(39,0);(40,1);(41,0);(42,0);(43,0);(44,2);(45,0);(46,1);(47,2);(48,1);(49,2);(50,2);
530;7;9;7;25;4;25;3;2;3;181;0;(1,1);(2,1);(3,1);(4,1);(5,1);(6,2);(7,1);(8,1);(9,1);(10,1);(11,1);(12,1);(13,1);(14,1);(15,1);(16,1);(17,0);(18,1);(19,1);(20,2);(21,1);(22,1);(23,1);(24,1);(25,0);(26,1);(27,1);(28,1);(29,0);(30,1);(31,2);(32,1);(33,2);(34,1);(35,0);(36,2);(37,1);(38,0);(39,0);(40,1);(41,0);(42,0);(43,0);(44,2);(45,0);(46,1);(47,2);(48,1);(49,2);(50,2);
540;7;9;7;25;4;25;4;1;3;185;0;(1,1);(2,1);(3,1);(4,1);(5,1);(6,2);(7,1);(8,1);(9,1);(10,1);(11,1);(12,1);(13,1);(14,1);(15,1);(16,1);(17,0);(18,1);(19,1);(20,2);(21,1);(22,1);(23,1);(24,1);(25,0);(26,1);(27,1);(28,1);(29,0);(30,1);(31,2);(32,1);(33,2);(34,1);(35,0);(36,2);(37,1);(38,0);(39,0);(40,1);(41,0);(42,0);(43,0);(44,2);(45,0);(46,1);(47,2);(48,1);(49,2);(50,2);
550;7;9;7;25;4;25;3;2;3;189;0;(1,1);(2,1);(3,1);(4,1);(5,1);(6,2);(7,1);(8,1);(9,1);(10,1);(11,1);(12,1);(13,1);(14,1);(15,1);(16,1);(17,0);(18,1);(19,1);(20,2);(21,1);(22,1);(23,1);(24,1);(25,0);(26,1);(27,1);(28,1);(29,0);(30,1);(31,2);(32,1);(33,2);(34,1);(35,0);(36,2);(37,1);(38,0);(39,0);(40,1);(41,0);(42,0);(43,0);(44,2);(45,0);(46,1);(47,2);(48,1);(49,2);(50,2);
560;7;6;6;27;5;26;3;2;3;193;0;(1,1);(2,1);(3,1);(4,1);(5,1);(6,2);(7,1);(8,1);(9,1);(10,1);(11,1);(12,1);(13,1);(14,1);(15,1);(16,1);(17,0);(18,1);(19,1);(20,2);(21,1);(22,1);(23,1);(24,1);(25,1);(26,1);(27,1);(28,1);(29,1);(30,1);(31,2);(32,1);(33,2);(34,1);(35,0);(36,3);(37,1);(38,0);(39,0);(40,1);(41,0);(42,0);(43,0);(44,2);(45,0);(46,1);(47,2);(48,1);(49,2);(50,2);
570;7;6;6;26;6;26;3;2;3;197;0;(1,1);(2,1);(3,1);(4,1);(5,1);(6,2);(7,1);(8,1);(9,1);(10,1);(11,1);(12,1);(13,1);(14,1);(15,1);(16,1);(17,0);(18,1);(19,1);(20,2);(21,1);(22,1);(23,1);(24,1);(25,1);(26,1);(27,1);(28,1);(29,1);(30,1);(31,2);(32,1);(33,2);(34,1);(35,0);(36,3);(37,1);(38,0);(39,0);(40,1);(41,0);(42,0);(43,0);(44,2);(45,0);(46,1);(47,2);(48,1);(49,2);(50,2);
580;6;7;6;26;6;26;3;2;3;201;0;(1,1);(2,1);(3,1);(4,1);(5,1);(6,2);(7,1);(8,1);(9,1);(10,1);(11,1);(12,1);(13,1);(14,1);(15,1);(16,1);(17,0);(18,1);(19,1);(20,2);(21,1);(22,1);(23,1);(24,1);(25,1);(26,1);(27,1);(28,1);(29,1);(30,1);(31,2);(32,1);(33,2);(34,1);(35,0);(36,3);(37,1);(38,0);(39,0);(40,1);(41,0);(42,0);(43,0);(44,2);(45,0);(46,1);(47,2);(48,1);(49,2);(50,2);
590;7;6;6;25;5;25;5;2;4;204;0;(1,1);(2,1);(3,1);(4,1);(5,1);(6,2);(7,1);(8,1);(9,1);(10,2);(11,1);(12,1);(13,1);(14,1);(15,1);(16,1);(17,0);(18,1);(19,1);(20,2);(21,1);(22,1);(23,1);(24,1);(25,1);(26,1);(27,1);(28,2);(29,1);(30,1);(31,2);(32,1);(33,2);(34,1);(35,0);(36,3);(37,1);(38,0);(39,0);(40,1);(41,0);(42,0);(43,0);(44,2);(45,0);(46,1);(47,2);(48,1);(49,2);(50,2);
600;6;7;6;25;5;25;4;3;4;208;0;(1,1);(2,1);(3,1);(4,1);(5,1);(6,2);(7,1);(8,1);(9,1);(10,2);(11,1);(12,1);(13,1);(14,1);(15,1);(16,1);(17,0);(18,1);(19,1);(20,2);(21,1);(22,1);(23,1);(24,1);(25,1);(26,1);(27,1);(28,2);(29,1);(30,1);(31,2);(32,1);(33,2);(34,1);(35,0);(36,3);(37,1);(38,0);(39,0);(40,1);(41,0);(42,0);(43,0);(44,2);(45,0);(46,1);(47,2);(48,1);(49,2);(50,2);
610;6;6;6;24;7;24;5;2;5;212;0;(1,1);(2,1);(3,1);(4,1);(5,1);(6,2);(7,1);(8,1);(9,1);(10,2);(11,1);(12,1);(13,1);(14,1);(15,1);(16,1);(17,0);(18,1);(19,1);(20,3);(21,1);(22,1);(23,1);(24,1);(25,1);(26,1);(27,1);(28,2);(29,1);(30,1);(31,2);(32,1);(33,2);(34,1);(35,0);(36,3);(37,1);(38,0);(39,0);(40,1);(41,0);(42,0);(43,0);(44,2);(45,0);(46,1);(47,2);(48,1);(49,2);(50,2);
620;6;6;6;25;6;24;6;1;5;216;0;(1,1);(2,1);(3,1);(4,1);(5,1);(6,2);(7,1);(8,1);(9,1);(10,2);(11,1);(12,1);(13,1);(14,1);(15,1);(16,1);(17,0);(18,1);(19,1);(20,3);(21,1);(22,1);(23,1);(24,1);(25,1);(26,1);(27,1);(28,2);(29,1);(30,1);(31,2);(32,1);(33,2);(34,1);(35,0);(36,3);(37,1);(38,0);(39,0);(40,1);(41,0);(42,0);(43,0);(44,2);(45,0);(46,1);(47,2);(48,1);(49,2);(50,2);
630;6;5;6;23;8;22;6;2;7;220;0;(1,2);(2,1);(3,1);(4,1);(5,1);(6,2);(7,1);(8,1);(9,1);(10,2);(11,1);(12,1);(13,1);(14,1);(15,1);(16,1);(17,0);(18,1);(19,1);(20,3);(21,1);(22,1);(23,1);(24,1);(25,1);(26,1);(27,1);(28,2);(29,1);(30,1);(31,2);(32,1);(33,2);(34,1);(35,0);(36,3);(37,1);(38,0);(39,1);(40,1);(41,0);(42,0);(43,0);(44,2);(45,0);(46,1);(47,2);(48,1);(49,2);(50,2);
640;6;5;6;23;7;22;7;2;7;223;0;(1,2);(2,1);(3,1);(4,1);(5,1);(6,2);(7,1);(8,1);(9,2);(10,2);(11,1);(12,1);(13,1);(14,1);(15,1);(16,1);(17,0);(18,1);(19,1);(20,3);(21,1);(22,1);(23,1);(24,1);(25,1);(26,1);(27,1);(28,2);(29,1);(30,1);(31,2);(32,1);(33,2);(34,1);(35,0);(36,3);(37,1);(38,0);(39,1);(40,1);(41,0);(42,0);(43,0);(44,2);(45,0);(46,1);(47,2);(48,1);(49,2);(50,2);
650;6;5;6;23;7;22;7;2;7;227;0;(1,2);(2,1);(3,1);(4,1);(5,1);(6,2);(7,1);(8,1);(9,2);(10,2);(11,1);(12,1);(13,1);(14,1);(15,1);(16,1);(17,0);(18,1);(19,1);(20,3);(21,1);(22,1);(23,1);(24,1);(25,1);(26,1);(27,1);(28,2);(29,1);(30,1);(31,2);(32,1);(33,2);(34,1);(35,0);(36,3);(37,1);(38,0);(39,1);(40,1);(41,0);(42,0);(43,0);(44,2);(45,0);(46,1);(47,2);(48,1);(49,2);(50,2);
660;6;5;6;23;7;22;8;1;7;231;0;(1,2);(2,1);(3,1);(4,1);(5,1);(6,2);(7,1);(8,1);(9,2);(10,2);(11,1);(12,1);(13,1);(14,1);(15,1);(16,1);(17,0);(18,1);(19,1);(20,3);(21,1);(22,1);(23,1);(24,1);(25,1);(26,1);(27,1);(28,2);(29,1);(30,1);(31,2);(32,1);(33,2);(34,1);(35,0);(36,3);(37,1);(38,0);(39,1);(40,1);(41,0);(42,0);(43,0);(44,2);(45,0);(46,1);(47,2);(48,1);(49,2);(50,2);
670;7;4;6;23;7;22;7;2;7;236;0;(1,2);(2,1);(3,1);(4,1);(5,1);(6,2);(7,1);(8,1);(9,2);(10,2);(11,1);(12,1);(13,1);(14,1);(15,1);(16,1);(17,0);(18,1);(19,1);(20,3);(21,1);(22,1);(23,1);(24,1);(25,1);(26,1);(27,1);(28,2);(29,1);(30,1);(31,2);(32,1);(33,2);(34,1);(35,0);(36,3);(37,1);(38,0);(39,1);(40,1);(41,0);(42,0);(43,0);(44,2);(45,0);(46,1);(47,2);(48,1);(49,2);(50,2);
680;7;3;6;21;9;20;10;0;9;240;0;(1,2);(2,1);(3,1);(4,1);(5,1);(6,2);(7,1);(8,1);(9,2);(10,2);(11,1);(12,1);(13,1);(14,1);(15,1);(16,1);(17,0);(18,1);(19,1);(20,3);(21,1);(22,1);(23,1);(24,1);(25,2);(26,1);(27,1);(28,2);(29,1);(30,1);(31,2);(32,1);(33,2);(34,1);(35,0);(36,3);(37,1);(38,1);(39,1);(40,1);(41,0);(42,0);(43,0);(44,2);(45,0);(46,1);(47,2);(48,1);(49,2);(50,2);
690;6;4;5;21;9;21;9;1;9;243;0;(1,2);(2,1);(3,1);(4,1);(5,1);(6,2);(7,1);(8,1);(9,2);(10,2);(11,1);(12,1);(13,1);(14,1);(15,1);(16,1);(17,0);(18,1);(19,1);(20,3);(21,1);(22,1);(23,1);(24,1);(25,2);(26,1);(27,1);(28,2);(29,1);(30,1);(31,2);(32,1);(33,2);(34,1);(35,0);(36,3);(37,1);(38,1);(39,1);(40,1);(41,0);(42,0);(43,0);(44,2);(45,0);(46,1);(47,2);(48,1);(49,2);(50,2);
700;4;6;4;22;8;22;10;0;9;247;0;(1,2);(2,1);(3,1);(4,1);(5,1);(6,2);(7,1);(8,1);(9,2);(10,2);(11,1);(12,1);(13,1);(14,1);(15,1);(16,1);(17,0);(18,1);(19,1);(20,3);(21,1);(22,1);(23,1);(24,1);(25,2);(26,1);(27,1);(28,2);(29,1);(30,1);(31,2);(32,1);(33,2);(34,1);(35,0);(36,3);(37,1);(38,1);(39,1);(40,1);(41,0);(42,0);(43,0);(44,2);(45,0);(46,1);(47,2);(48,1);(49,2);(50,2);
710;4;6;4;22;8;22;10;0;9;251;0;(1,2);(2,1);(3,1);(4,1);(5,1);(6,2);(7,1);(8,1);(9,2);(10,2);(11,1);(12,1);(13,1);(14,1);(15,1);(16,1);(17,0);(18,1);(19,1);(20,3);(21,1);(22,1);(23,1);(24,1);(25,2);(26,1);(27,1);(28,2);(29,1);(30,1);(31,2);(32,1);(33,2);(34,1);(35,0);(36,3);(37,1);(38,1);(39,1);(40,1);(41,0);(42,0);(43,0);(44,2);(45,0);(46,1);(47,2);(48,1);(49,2);(50,2);
720;5;5;4;23;7;22;10;0;9;255;0;(1,2);(2,1);(3,1);(4,1);(5,1);(6,2);(7,1);(8,1);(9,2);(10,2);(11,1);(12,1);(13,1);(14,1);(15,1);(16,1);(17,0);(18,1);(19,1);(20,3);(21,1);(22,1);(23,1);(24,1);(25,2);(26,1);(27,1);(28,2);(29,1);(30,1);(31,2);(32,1);(33,2);(34,1);(35,0);(36,3);(37,1);(38,1);(39,1);(40,1);(41,0);(42,0);(43,0);(44,2);(45,0);(46,1);(47,2);(48,1);(49,2);(50,2);
730;4;6;4;22;8;22;9;1;9;259;0;(1,2);(2,1);(3,1);(4,1);(5,1);(6,2);(7,1);(8,1);(9,2);(10,2);(11,1);(12,1);(13,1);(14,1);(15,1);(16,1);(17,0);(18,1);(19,1);(20,3);(21,1);(22,1);(23,1);(24,1);(25,2);(26,1);(27,1);(28,2);(29,1);(30,1);(31,2);(32,1);(33,2);(34,1);(35,0);(36,3);(37,1);(38,1);(39,1);(40,1);(41,0);(42,0);(43,0);(44,2);(45,0);(46,1);(47,2);(48,1);(49,2);(50,2);
740;5;5;4;21;8;21;11;0;10;263;0;(1,2);(2,1);(3,1);(4,1);(5,1);(6,2);(7,1);(8,1);(9,2);(10,2);(11,1);(12,1);(13,1);(14,1);(15,1);(16,1);(17,0);(18,1);(19,1);(20,3);(21,1);(22,1);(23,2);(24,1);(25,2);(26,1);(27,1);(28,2);(29,1);(30,1);(31,2);(32,1);(33,2);(34,1);(35,0);(36,3);(37,1);(38,1);(39,1);(40,1);(41,0);(42,0);(43,0);(44,2);(45,0);(46,1);(47,2);(48,1);(49,2);(50,2);
750;4;6;4;22;7;21;10;1;10;267;0;(1,2);(2,1);(3,1);(4,1);(5,1);(6,2);(7,1);(8,1);(9,2);(10,2);(11,1);(12,1);(13,1);(14,1);(15,1);(16,1);(17,0);(18,1);(19,1);(20,3);(21,1);(22,1);(23,2);(24,1);(25,2);(26,1);(27,1);(28,2);(29,1);(30,1);(31,2);(32,1);(33,2);(34,1);(35,0);(36,3);(37,1);(38,1);(39,1);(40,1);(41,0);(42,0);(43,0);(44,2);(45,0);(46,1);(47,2);(48,1);(49,2);(50,2);
760;4;6;4;21;8;21;10;1;10;271;0;(1,2);(2,1);(3,1);(4,1);(5,1);(6,2);(7,1);(8,1);(9,2);(10,2);(11,1);(12,1);(13,1);(14,1);(15,1);(16,1);(17,0);(18,1);(19,1);(20,3);(21,1);(22,1);(23,2);(24,1);(25,2);(26,1);(27,1);(28,2);(29,1);(30,1);(31,2);(32,1);(33,2);(34,1);(35,0);(36,3);(37,1);(38,1);(39,1);(40,1);(41,0);(42,0);(43,0);(44,2);(45,0);(46,1);(47,2);(48,1);(49,2);(50,2);
770;4;6;4;20;8;20;11;1;11;275;0;(1,2);(2,1);(3,1);(4,1);(5,1);(6,2);(7,1);(8,1);(9,2);(10,2);(11,1);(12,1);(13,1);(14,2);(15,1);(16,1);(17,0);(18,1);(19,1);(20,3);(21,1);(22,1);(23,2);(24,1);(25,2);(26,1);(27,1);(28,2);(29,1);(30,1);(31,2);(32,1);(33,2);(34,1);(35,0);(36,3);(37,1);(38,1);(39,1);(40,1);(41,0);(42,0);(43,0);(44,2);(45,0);(46,1);(47,2);(48,1);(49,2);(50,2);
780;5;5;4;21;7;20;11;1;11;279;0;(1,2);(2,1);(3,1);(4,1);(5,1);(6,2);(7,1);(8,1);(9,2);(10,2);(11,1);(12,1);(13,1);(14,2);(15,1);(16,1);(17,0);(18,1);(19,1);(20,3);(21,1);(22,1);(23,2);(24,1);(25,2);(26,1);(27,1);(28,2);(29,1);(30,1);(31,2);(32,1);(33,2);(34,1);(35,0);(36,3);(37,1);(38,1);(39,1);(40,1);(41,0);(42,0);(43,0);(44,2);(45,0);(46,1);(47,2);(48,1);(49,2);(50,2);
790;3;7;3;18;7;18;15;0;14;283;0;(1,2);(2,1);(3,1);(4,1);(5,1);(6,2);(7,1);(8,1);(9,2);(10,2);(11,1);(12,1);(13,1);(14,2);(15,1);(16,1);(17,0);(18,1);(19,1);(20,3);(21,1);(22,1);(23,2);(24,1);(25,2);(26,1);(27,1);(28,2);(29,2);(30,2);(31,2);(32,1);(33,2);(34,1);(35,0);(36,3);(37,1);(38,1);(39,1);(40,2);(41,0);(42,0);(43,0);(44,2);(45,0);(46,1);(47,2);(48,1);(49,2);(50,2);
800;4;5;3;18;7;18;15;1;14;286;0;(1,2);(2,1);(3,1);(4,1);(5,1);(6,2);(7,1);(8,1);(9,2);(10,2);(11,1);(12,1);(13,1);(14,2);(15,1);(16,1);(17,0);(18,1);(19,1);(20,3);(21,1);(22,1);(23,2);(24,1);(25,2);(26,1);(27,1);(28,2);(29,2);(30,2);(31,2);(32,1);(33,3);(34,1);(35,0);(36,3);(37,1);(38,1);(39,1);(40,2);(41,0);(42,0);(43,0);(44,2);(45,0);(46,1);(47,2);(48,1);(49,2);(50,2);
810;4;5;3;18;7;18;15;1;14;290;0;(1,2);(2,1);(3,1);(4,1);(5,1);(6,2);(7,1);(8,1);(9,2);(10,2);(11,1);(12,1);(13,1);(14,2);(15,1);(16,1);(17,0);(18,1);(19,1);(20,3);(21,1);(22,1);(23,2);(24,1);(25,2);(26,1);(27,1);(28,2);(29,2);(30,2);(31,2);(32,1);(33,3);(34,1);(35,0);(36,3);(37,1);(38,1);(39,1);(40,2);(41,0);(42,0);(43,0);(44,2);(45,0);(46,1);(47,2);(48,1);(49,2);(50,2);
820;3;6;3;19;6;18;14;2;14;295;0;(1,2);(2,1);(3,1);(4,1);(5,1);(6,2);(7,1);(8,1);(9,2);(10,2);(11,1);(12,1);(13,1);(14,2);(15,1);(16,1);(17,0);(18,1);(19,1);(20,3);(21,1);(22,1);(23,2);(24,1);(25,2);(26,1);(27,1);(28,2);(29,2);(30,2);(31,2);(32,1);(33,3);(34,1);(35,0);(36,3);(37,1);(38,1);(39,1);(40,2);(41,0);(42,0);(43,0);(44,2);(45,0);(46,1);(47,2);(48,1);(49,2);(50,2);
830;3;5;3;17;8;17;15;2;15;299;0;(1,2);(2,1);(3,1);(4,1);(5,1);(6,2);(7,1);(8,1);(9,2);(10,2);(11,1);(12,1);(13,1);(14,2);(15,1);(16,1);(17,0);(18,1);(19,1);(20,3);(21,1);(22,1);(23,2);(24,1);(25,2);(26,1);(27,1);(28,2);(29,2);(30,2);(31,2);(32,1);(33,3);(34,1);(35,1);(36,3);(37,1);(38,1);(39,1);(40,2);(41,0);(42,0);(43,0);(44,2);(45,0);(46,1);(47,2);(48,1);(49,2);(50,2);
840;3;4;2;18;9;18;15;1;15;304;0;(1,2);(2,1);(3,1);(4,1);(5,1);(6,2);(7,1);(8,1);(9,2);(10,2);(11,1);(12,1);(13,1);(14,2);(15,1);(16,1);(17,0);(18,1);(19,1);(20,3);(21,1);(22,1);(23,2);(24,1);(25,2);(26,1);(27,1);(28,2);(29,2);(30,2);(31,2);(32,1);(33,3);(34,1);(35,1);(36,3);(37,1);(38,1);(39,1);(40,3);(41,0);(42,0);(43,0);(44,2);(45,1);(46,1);(47,2);(48,1);(49,2);(50,2);
850;2;5;2;18;9;18;15;1;15;308;0;(1,2);(2,1);(3,1);(4,1);(5,1);(6,2);(7,1);(8,1);(9,2);(10,2);(11,1);(12,1);(13,1);(14,2);(15,1);(16,1);(17,0);(18,1);(19,1);(20,3);(21,1);(22,1);(23,2);(24,1);(25,2);(26,1);(27,1);(28,2);(29,2);(30,2);(31,2);(32,1);(33,3);(34,1);(35,1);(36,3);(37,1);(38,1);(39,1);(40,3);(41,0);(42,0);(43,0);(44,2);(45,1);(46,1);(47,2);(48,1);(49,2);(50,2);
860;2;5;2;17;10;17;16;0;16;312;0;(1,2);(2,1);(3,1);(4,1);(5,1);(6,2);(7,1);(8,1);(9,2);(10,2);(11,1);(12,1);(13,1);(14,2);(15,1);(16,1);(17,0);(18,1);(19,1);(20,3);(21,1);(22,1);(23,2);(24,1);(25,2);(26,1);(27,1);(28,2);(29,2);(30,2);(31,2);(32,1);(33,3);(34,1);(35,1);(36,3);(37,1);(38,1);(39,1);(40,3);(41,0);(42,0);(43,0);(44,2);(45,1);(46,1);(47,2);(48,1);(49,2);(50,2);
870;2;4;2;17;10;17;16;1;16;317;0;(1,2);(2,1);(3,1);(4,1);(5,1);(6,2);(7,1);(8,1);(9,2);(10,2);(11,1);(12,1);(13,1);(14,2);(15,1);(16,1);(17,0);(18,1);(19,1);(20,3);(21,1);(22,1);(23,2);(24,1);(25,2);(26,1);(27,1);(28,2);(29,2);(30,2);(31,2);(32,1);(33,3);(34,1);(35,1);(36,3);(37,1);(38,1);(39,1);(40,3);(41,0);(42,1);(43,0);(44,2);(45,1);(46,1);(47,2);(48,1);(49,2);(50,2);
880;2;4;2;18;9;17;17;0;16;322;0;(1,2);(2,1);(3,1);(4,1);(5,1);(6,2);(7,1);(8,1);(9,2);(10,2);(11,1);(12,1);(13,1);(14,2);(15,1);(16,1);(17,0);(18,1);(19,1);(20,3);(21,1);(22,1);(23,2);(24,1);(25,2);(26,1);(27,1);(28,2);(29,2);(30,2);(31,2);(32,1);(33,3);(34,1);(35,1);(36,3);(37,1);(38,1);(39,1);(40,3);(41,0);(42,1);(43,0);(44,2);(45,1);(46,1);(47,2);(48,1);(49,2);(50,2);
890;3;3;2;17;10;17;16;1;16;326;0;(1,2);(2,1);(3,1);(4,1);(5,1);(6,2);(7,1);(8,1);(9,2);(10,2);(11,1);(12,1);(13,1);(14,2);(15,1);(16,1);(17,0);(18,1);(19,1);(20,3);(21,1);(22,1);(23,2);(24,1);(25,2);(26,1);(27,1);(28,2);(29,2);(30,2);(31,2);(32,1);(33,3);(34,1);(35,1);(36,3);(37,1);(38,1);(39,1);(40,3);(41,0);(42,1);(43,0);(44,2);(45,1);(46,1);(47,2);(48,1);(49,2);(50,2);
900;2;4;1;18;9;18;17;0;16;331;0;(1,2);(2,1);(3,1);(4,1);(5,1);(6,2);(7,1);(8,1);(9,2);(10,2);(11,1);(12,1);(13,1);(14,2);(15,1);(16,1);(17,0);(18,1);(19,1);(20,3);(21,1);(22,1);(23,2);(24,1);(25,2);(26,1);(27,1);(28,2);(29,2);(30,2);(31,2);(32,1);(33,3);(34,1);(35,1);(36,3);(37,1);(38,1);(39,1);(40,3);(41,0);(42,1);(43,0);(44,2);(45,1);(46,1);(47,2);(48,1);(49,2);(50,2);
910;1;3;1;17;10;17;17;2;17;335;0;(1,2);(2,1);(3,1);(4,1);(5,1);(6,2);(7,1);(8,1);(9,2);(10,2);(11,1);(12,1);(13,1);(14,2);(15,1);(16,1);(17,0);(18,1);(19,1);(20,3);(21,1);(22,1);(23,2);(24,1);(25,2);(26,1);(27,1);(28,2);(29,2);(30,2);(31,2);(32,1);(33,3);(34,1);(35,1);(36,3);(37,1);(38,1);(39,1);(40,3);(41,0);(42,1);(43,1);(44,2);(45,1);(46,1);(47,3);(48,1);(49,2);(50,2);
920;1;3;1;17;10;17;18;1;17;339;0;(1,2);(2,1);(3,1);(4,1);(5,1);(6,2);(7,1);(8,1);(9,2);(10,2);(11,1);(12,1);(13,1);(14,2);(15,1);(16,1);(17,0);(18,1);(19,1);(20,3);(21,1);(22,1);(23,2);(24,1);(25,2);(26,1);(27,1);(28,2);(29,2);(30,2);(31,2);(32,1);(33,3);(34,1);(35,1);(36,3);(37,1);(38,1);(39,1);(40,3);(41,0);(42,1);(43,1);(44,2);(45,1);(46,1);(47,3);(48,1);(49,2);(50,2);
930;1;3;1;18;9;17;17;2;17;343;0;(1,2);(2,1);(3,1);(4,1);(5,1);(6,2);(7,1);(8,1);(9,2);(10,2);(11,1);(12,1);(13,1);(14,2);(15,1);(16,1);(17,0);(18,1);(19,1);(20,3);(21,1);(22,1);(23,2);(24,1);(25,2);(26,1);(27,1);(28,2);(29,2);(30,2);(31,2);(32,1);(33,3);(34,1);(35,1);(36,3);(37,1);(38,1);(39,1);(40,3);(41,0);(42,1);(43,1);(44,2);(45,1);(46,1);(47,3);(48,1);(49,2);(50,2);
940;2;1;1;17;10;16;19;1;18;347;0;(1,2);(2,1);(3,1);(4,1);(5,1);(6,2);(7,1);(8,1);(9,2);(10,2);(11,1);(12,1);(13,1);(14,2);(15,1);(16,1);(17,0);(18,1);(19,1);(20,3);(21,1);(22,1);(23,2);(24,1);(25,2);(26,1);(27,1);(28,2);(29,2);(30,2);(31,2);(32,1);(33,3);(34,1);(35,1);(36,3);(37,1);(38,1);(39,1);(40,3);(41,0);(42,1);(43,1);(44,2);(45,1);(46,1);(47,3);(48,1);(49,2);(50,3);
950;2;1;1;17;10;16;18;2;18;351;0;(1,2);(2,1);(3,1);(4,1);(5,1);(6,2);(7,1);(8,1);(9,2);(10,2);(11,1);(12,1);(13,1);(14,2);(15,1);(16,1);(17,0);(18,1);(19,1);(20,3);(21,1);(22,1);(23,2);(24,1);(25,2);(26,1);(27,1);(28,2);(29,2);(30,2);(31,2);(32,1);(33,3);(34,1);(35,1);(36,3);(37,1);(38,1);(39,1);(40,3);(41,0);(42,1);(43,1);(44,2);(45,1);(46,1);(47,3);(48,1);(49,2);(50,3);
960;1;2;1;16;10;15;19;2;19;356;0;(1,2);(2,1);(3,1);(4,1);(5,2);(6,2);(7,1);(8,1);(9,2);(10,2);(11,1);(12,1);(13,1);(14,2);(15,1);(16,1);(17,0);(18,1);(19,1);(20,3);(21,1);(22,1);(23,2);(24,1);(25,2);(26,1);(27,1);(28,2);(29,2);(30,2);(31,2);(32,1);(33,3);(34,1);(35,1);(36,3);(37,1);(38,1);(39,1);(40,3);(41,0);(42,1);(43,1);(44,2);(45,1);(46,1);(47,3);(48,1);(49,2);(50,3);
970;1;2;1;16;10;15;20;1;19;360;0;(1,2);(2,1);(3,1);(4,1);(5,2);(6,2);(7,1);(8,1);(9,2);(10,2);(11,1);(12,1);(13,1);(14,2);(15,1);(16,1);(17,0);(18,1);(19,1);(20,3);(21,1);(22,1);(23,2);(24,1);(25,2);(26,1);(27,1);(28,2);(29,2);(30,2);(31,2);(32,1);(33,3);(34,1);(35,1);(36,3);(37,1);(38,1);(39,1);(40,3);(41,0);(42,1);(43,1);(44,2);(45,1);(46,1);(47,3);(48,1);(49,2);(50,3);
980;1;2;1;14;11;14;20;2;20;364;0;(1,2);(2,1);(3,1);(4,1);(5,2);(6,2);(7,1);(8,1);(9,2);(10,2);(11,1);(12,1);(13,1);(14,2);(15,1);(16,2);(17,0);(18,1);(19,1);(20,3);(21,1);(22,1);(23,2);(24,1);(25,2);(26,1);(27,1);(28,2);(29,2);(30,2);(31,2);(32,1);(33,3);(34,1);(35,1);(36,3);(37,1);(38,1);(39,1);(40,3);(41,0);(42,1);(43,1);(44,2);(45,1);(46,1);(47,3);(48,1);(49,2);(50,3);
990;1;2;1;15;10;14;21;1;20;368;0;(1,2);(2,1);(3,1);(4,1);(5,2);(6,2);(7,1);(8,1);(9,2);(10,2);(11,1);(12,1);(13,1);(14,2);(15,1);(16,2);(17,0);(18,1);(19,1);(20,3);(21,1);(22,1);(23,2);(24,1);(25,2);(26,1);(27,1);(28,2);(29,2);(30,2);(31,2);(32,1);(33,3);(34,1);(35,1);(36,3);(37,1);(38,1);(39,1);(40,3);(41,0);(42,1);(43,1);(44,2);(45,1);(46,1);(47,3);(48,1);(49,2);(50,3);
1000;2;1;6;14;11;14;21;1;20;373;0;(1,2);(2,1);(3,1);(4,1);(5,2);(6,2);(7,1);(8,1);(9,2);(10,2);(11,1);(12,1);(13,1);(14,2);(15,1);(16,2);(17,0);(18,1);(19,1);(20,3);(21,1);(22,1);(23,2);(24,1);(25,2);(26,1);(27,1);(28,2);(29,2);(30,2);(31,2);(32,1);(33,3);(34,1);(35,1);(36,3);(37,1);(38,1);(39,1);(40,3);(41,0);(42,1);(43,1);(44,2);(45,1);(46,1);(47,3);(48,1);(49,2);(50,3);
1010;6;1;6;12;7;12;23;1;22;377;0;(1,2);(2,1);(3,1);(4,1);(5,2);(6,2);(7,2);(8,1);(9,2);(10,2);(11,2);(12,2);(13,1);(14,2);(15,1);(16,2);(17,0);(18,1);(19,1);(20,3);(21,2);(22,1);(23,2);(24,2);(25,2);(26,1);(27,1);(28,2);(29,2);(30,2);(31,2);(32,1);(33,3);(34,1);(35,1);(36,3);(37,1);(38,1);(39,1);(40,4);(41,1);(42,1);(43,1);(44,2);(45,1);(46,1);(47,3);(48,1);(49,2);(50,3);
1020;6;1;6;13;6;12;23;1;22;382;0;(1,2);(2,1);(3,1);(4,1);(5,2);(6,2);(7,2);(8,1);(9,2);(10,2);(11,2);(12,2);(13,1);(14,2);(15,1);(16,2);(17,0);(18,1);(19,1);(20,3);(21,2);(22,1);(23,2);(24,2);(25,2);(26,1);(27,1);(28,2);(29,2);(30,2);(31,2);(32,1);(33,3);(34,1);(35,1);(36,3);(37,1);(38,1);(39,1);(40,4);(41,1);(42,1);(43,1);(44,2);(45,1);(46,1);(47,3);(48,1);(49,2);(50,3);
1030;7;0;6;13;6;12;22;2;22;386;0;(1,2);(2,1);(3,1);(4,1);(5,2);(6,2);(7,2);(8,1);(9,2);(10,2);(11,2);(12,2);(13,1);(14,2);(15,1);(16,2);(17,0);(18,1);(19,1);(20,3);(21,2);(22,1);(23,2);(24,2);(25,2);(26,1);(27,1);(28,2);(29,2);(30,2);(31,2);(32,1);(33,3);(34,1);(35,1);(36,3);(37,1);(38,1);(39,1);(40,4);(41,1);(42,1);(43,1);(44,2);(45,1);(46,1);(47,3);(48,1);(49,2);(50,3);
1040;6;1;6;11;7;11;23;2;23;391;0;(1,2);(2,1);(3,1);(4,1);(5,2);(6,2);(7,2);(8,1);(9,2);(10,2);(11,2);(12,2);(13,2);(14,2);(15,1);(16,2);(17,0);(18,1);(19,1);(20,3);(21,2);(22,1);(23,2);(24,2);(25,2);(26,1);(27,1);(28,2);(29,2);(30,2);(31,2);(32,1);(33,3);(34,1);(35,1);(36,3);(37,1);(38,1);(39,1);(40,4);(41,1);(42,1);(43,1);(44,2);(45,1);(46,1);(47,3);(48,1);(49,2);(50,3);
1050;6;1;5;12;6;12;22;3;22;395;1;(1,2);(2,1);(3,1);(4,1);(5,2);(6,2);(7,2);(8,1);(9,2);(10,2);(11,2);(12,2);(13,2);(14,2);(15,1);(16,2);(17,0);(18,1);(19,1);(20,3);(21,2);(22,1);(23,2);(24,2);(25,2);(26,1);(27,1);(28,2);(29,2);(30,2);(31,2);(32,1);(33,3);(34,1);(35,1);(36,3);(37,1);(38,1);(39,1);(40,4);(41,1);(42,1);(43,1);(44,2);(45,1);(46,1);(47,3);(48,1);(49,2);(50,3);
1060;5;2;5;12;5;11;23;3;23;400;1;(1,2);(2,1);(3,1);(4,1);(5,2);(6,2);(7,2);(8,1);(9,2);(10,2);(11,2);(12,2);(13,2);(14,2);(15,1);(16,2);(17,0);(18,1);(19,1);(20,3);(21,2);(22,1);(23,2);(24,2);(25,2);(26,1);(27,1);(28,2);(29,2);(30,2);(31,2);(32,1);(33,3);(34,1);(35,1);(36,3);(37,1);(38,1);(39,1);(40,4);(41,1);(42,1);(43,1);(44,2);(45,2);(46,1);(47,3);(48,1);(49,2);(50,3);
1070;5;2;5;12;5;11;23;3;23;405;1;(1,2);(2,1);(3,1);(4,1);(5,2);(6,2);(7,2);(8,1);(9,2);(10,2);(11,2);(12,2);(13,2);(14,2);(15,1);(16,2);(17,0);(18,1);(19,1);(20,3);(21,2);(22,1);(23,2);(24,2);(25,2);(26,1);(27,1);(28,2);(29,2);(30,2);(31,2);(32,1);(33,3);(34,1);(35,1);(36,3);(37,1);(38,1);(39,1);(40,4);(41,1);(42,1);(43,1);(44,2);(45,2);(46,1);(47,3);(48,1);(49,2);(50,3);
1080;5;2;5;11;6;11;23;3;23;410;1;(1,2);(2,1);(3,1);(4,1);(5,2);(6,2);(7,2);(8,1);(9,2);(10,2);(11,2);(12,2);(13,2);(14,2);(15,1);(16,2);(17,0);(18,1);(19,1);(20,3);(21,2);(22,1);(23,2);(24,2);(25,2);(26,1);(27,1);(28,2);(29,2);(30,2);(31,2);(32,1);(33,3);(34,1);(35,1);(36,3);(37,1);(38,1);(39,1);(40,4);(41,1);(42,1);(43,1);(44,2);(45,2);(46,1);(47,3);(48,1);(49,2);(50,3);
1090;6;1;5;12;5;11;24;2;23;415;1;(1,2);(2,1);(3,1);(4,1);(5,2);(6,2);(7,2);(8,1);(9,2);(10,2);(11,2);(12,2);(13,2);(14,2);(15,1);(16,2);(17,0);(18,1);(19,1);(20,3);(21,2);(22,1);(23,2);(24,2);(25,2);(26,1);(27,1);(28,2);(29,2);(30,2);(31,2);(32,1);(33,3);(34,1);(35,1);(36,3);(37,1);(38,1);(39,1);(40,4);(41,1);(42,1);(43,1);(44,2);(45,2);(46,1);(47,3);(48,1);(49,2);(50,3);
1100;5;2;5;10;7;10;25;1;24;420;1;(1,2);(2,1);(3,1);(4,1);(5,2);(6,2);(7,2);(8,1);(9,2);(10,2);(11,2);(12,2);(13,2);(14,2);(15,1);(16,2);(17,0);(18,1);(19,1);(20,3);(21,2);(22,1);(23,2);(24,2);(25,2);(26,1);(27,1);(28,2);(29,2);(30,2);(31,2);(32,1);(33,3);(34,1);(35,1);(36,3);(37,1);(38,1);(39,1);(40,4);(41,1);(42,1);(43,1);(44,2);(45,2);(46,1);(47,3);(48,1);(49,2);(50,3);
1110;5;2;5;10;7;10;25;1;24;425;1;(1,2);(2,1);(3,1);(4,1);(5,2);(6,2);(7,2);(8,1);(9,2);(10,2);(11,2);(12,2);(13,2);(14,2);(15,1);(16,2);(17,0);(18,1);(19,1);(20,3);(21,2);(22,1);(23,2);(24,2);(25,2);(26,1);(27,1);(28,2);(29,2);(30,2);(31,2);(32,1);(33,3);(34,1);(35,1);(36,3);(37,1);(38,1);(39,1);(40,4);(41,1);(42,1);(43,1);(44,2);(45,2);(46,1);(47,3);(48,1);(49,2);(50,3);
1120;5;2;5;11;6;10;24;2;23;430;2;(1,2);(2,1);(3,1);(4,1);(5,2);(6,2);(7,2);(8,1);(9,2);(10,2);(11,2);(12,2);(13,2);(14,2);(15,1);(16,2);(17,0);(18,1);(19,1);(20,3);(21,2);(22,1);(23,2);(24,2);(25,2);(26,1);(27,1);(28,2);(29,2);(30,2);(31,2);(32,1);(33,3);(34,1);(35,1);(36,3);(37,1);(38,1);(39,1);(40,4);(41,1);(42,1);(43,1);(44,2);(45,2);(46,1);(47,3);(48,1);(49,2);(50,3);
1130;6;1;5;11;6;10;23;3;23;435;2;(1,2);(2,1);(3,1);(4,1);(5,2);(6,2);(7,2);(8,1);(9,2);(10,2);(11,2);(12,2);(13,2);(14,2);(15,1);(16,2);(17,0);(18,1);(19,1);(20,3);(21,2);(22,1);(23,2);(24,2);(25,2);(26,1);(27,1);(28,2);(29,2);(30,2);(31,2);(32,1);(33,3);(34,1);(35,1);(36,3);(37,1);(38,1);(39,1);(40,4);(41,1);(42,1);(43,1);(44,2);(45,2);(46,1);(47,3);(48,1);(49,2);(50,3);
1140;5;2;5;11;6;10;23;3;23;440;2;(1,2);(2,1);(3,1);(4,1);(5,2);(6,2);(7,2);(8,1);(9,2);(10,2);(11,2);(12,2);(13,2);(14,2);(15,1);(16,2);(17,0);(18,1);(19,1);(20,3);(21,2);(22,1);(23,2);(24,2);(25,2);(26,1);(27,1);(28,2);(29,2);(30,2);(31,2);(32,1);(33,3);(34,1);(35,1);(36,3);(37,1);(38,1);(39,1);(40,4);(41,1);(42,1);(43,1);(44,2);(45,2);(46,1);(47,3);(48,1);(49,2);(50,3);
1150;5;2;5;10;7;10;23;3;22;445;3;(1,2);(2,1);(3,1);(4,1);(5,2);(6,2);(7,2);(8,1);(9,2);(10,2);(11,2);(12,2);(13,2);(14,2);(15,1);(16,2);(17,0);(18,1);(19,1);(20,3);(21,2);(22,1);(23,2);(24,2);(25,2);(26,1);(27,1);(28,2);(29,2);(30,2);(31,2);(32,1);(33,3);(34,1);(35,1);(36,3);(37,1);(38,1);(39,1);(40,4);(41,1);(42,1);(43,1);(44,2);(45,2);(46,1);(47,3);(48,1);(49,2);(50,3);
1160;6;1;5;10;7;10;22;4;22;450;3;(1,2);(2,1);(3,1);(4,1);(5,2);(6,2);(7,2);(8,1);(9,2);(10,2);(11,2);(12,2);(13,2);(14,2);(15,1);(16,2);(17,0);(18,1);(19,1);(20,3);(21,2);(22,1);(23,2);(24,2);(25,2);(26,1);(27,1);(28,2);(29,2);(30,2);(31,2);(32,1);(33,3);(34,1);(35,1);(36,3);(37,1);(38,1);(39,1);(40,4);(41,1);(42,1);(43,1);(44,2);(45,2);(46,1);(47,3);(48,1);(49,2);(50,3);
1170;5;1;5;11;7;10;22;4;22;455;3;(1,2);(2,1);(3,1);(4,1);(5,2);(6,2);(7,2);(8,1);(9,2);(10,2);(11,2);(12,2);(13,2);(14,2);(15,1);(16,2);(17,0);(18,1);(19,1);(20,3);(21,3);(22,1);(23,2);(24,2);(25,2);(26,1);(27,1);(28,2);(29,2);(30,2);(31,2);(32,1);(33,3);(34,1);(35,1);(36,3);(37,1);(38,1);(39,1);(40,4);(41,1);(42,1);(43,1);(44,2);(45,2);(46,1);(47,3);(48,1);(49,2);(50,3);
1180;5;1;5;10;8;9;22;4;23;460;3;(1,2);(2,1);(3,1);(4,1);(5,2);(6,2);(7,2);(8,1);(9,2);(10,2);(11,2);(12,2);(13,2);(14,2);(15,1);(16,2);(17,0);(18,1);(19,1);(20,3);(21,3);(22,1);(23,2);(24,2);(25,2);(26,1);(27,1);(28,2);(29,2);(30,2);(31,2);(32,1);(33,3);(34,1);(35,1);(36,3);(37,1);(38,1);(39,1);(40,4);(41,1);(42,1);(43,1);(44,2);(45,2);(46,1);(47,3);(48,1);(49,2);(50,3);
1190;6;0;5;10;5;9;24;5;23;464;3;(1,2);(2,1);(3,1);(4,1);(5,2);(6,2);(7,2);(8,1);(9,2);(10,2);(11,2);(12,2);(13,2);(14,2);(15,1);(16,2);(17,0);(18,1);(19,1);(20,4);(21,3);(22,2);(23,2);(24,2);(25,2);(26,2);(27,1);(28,2);(29,2);(30,2);(31,2);(32,1);(33,3);(34,1);(35,1);(36,3);(37,1);(38,1);(39,1);(40,4);(41,1);(42,1);(43,1);(44,2);(45,2);(46,1);(47,3);(48,1);(49,2);(50,3);
1200;5;1;5;10;5;9;24;5;23;469;3;(1,2);(2,1);(3,1);(4,1);(5,2);(6,2);(7,2);(8,1);(9,2);(10,2);(11,2);(12,2);(13,2);(14,2);(15,1);(16,2);(17,0);(18,1);(19,1);(20,4);(21,3);(22,2);(23,2);(24,2);(25,2);(26,2);(27,1);(28,2);(29,2);(30,2);(31,2);(32,1);(33,3);(34,1);(35,1);(36,3);(37,1);(38,1);(39,1);(40,4);(41,1);(42,1);(43,1);(44,2);(45,2);(46,1);(47,3);(48,1);(49,2);(50,3);
1210;6;0;5;9;6;9;22;7;22;474;4;(1,2);(2,1);(3,1);(4,1);(5,2);(6,2);(7,2);(8,1);(9,2);(10,2);(11,2);(12,2);(13,2);(14,2);(15,1);(16,2);(17,0);(18,1);(19,1);(20,4);(21,3);(22,2);(23,2);(24,2);(25,2);(26,2);(27,1);(28,2);(29,2);(30,2);(31,2);(32,1);(33,3);(34,1);(35,1);(36,3);(37,1);(38,1);(39,1);(40,4);(41,1);(42,1);(43,1);(44,2);(45,2);(46,1);(47,3);(48,1);(49,2);(50,3);
1220;6;0;5;8;5;8;24;7;23;479;4;(1,2);(2,1);(3,1);(4,1);(5,2);(6,2);(7,2);(8,1);(9,2);(10,2);(11,2);(12,2);(13,2);(14,2);(15,1);(16,2);(17,0);(18,1);(19,2);(20,4);(21,3);(22,2);(23,2);(24,2);(25,2);(26,2);(27,1);(28,2);(29,2);(30,2);(31,2);(32,1);(33,3);(34,1);(35,1);(36,3);(37,2);(38,1);(39,1);(40,4);(41,1);(42,1);(43,1);(44,2);(45,2);(46,1);(47,3);(48,1);(49,2);(50,3);
1230;5;1;5;8;5;8;24;7;23;484;4;(1,2);(2,1);(3,1);(4,1);(5,2);(6,2);(7,2);(8,1);(9,2);(10,2);(11,2);(12,2);(13,2);(14,2);(15,1);(16,2);(17,0);(18,1);(19,2);(20,4);(21,3);(22,2);(23,2);(24,2);(25,2);(26,2);(27,1);(28,2);(29,2);(30,2);(31,2);(32,1);(33,3);(34,1);(35,1);(36,3);(37,2);(38,1);(39,1);(40,4);(41,1);(42,1);(43,1);(44,2);(45,2);(46,1);(47,3);(48,1);(49,2);(50,3);
1240;5;1;5;8;5;8;23;8;23;489;4;(1,2);(2,1);(3,1);(4,1);(5,2);(6,2);(7,2);(8,1);(9,2);(10,2);(11,2);(12,2);(13,2);(14,2);(15,1);(16,2);(17,0);(18,1);(19,2);(20,4);(21,3);(22,2);(23,2);(24,2);(25,2);(26,2);(27,1);(28,2);(29,2);(30,2);(31,2);(32,1);(33,3);(34,1);(35,1);(36,3);(37,2);(38,1);(39,1);(40,4);(41,1);(42,1);(43,1);(44,2);(45,2);(46,1);(47,3);(48,1);(49,2);(50,3);
1250;4;2;4;9;4;8;24;7;23;494;5;(1,2);(2,1);(3,1);(4,1);(5,2);(6,2);(7,2);(8,1);(9,2);(10,2);(11,2);(12,2);(13,2);(14,2);(15,1);(16,2);(17,0);(18,1);(19,2);(20,4);(21,3);(22,2);(23,2);(24,2);(25,2);(26,2);(27,1);(28,2);(29,2);(30,2);(31,2);(32,1);(33,3);(34,1);(35,1);(36,3);(37,2);(38,1);(39,1);(40,4);(41,1);(42,1);(43,1);(44,2);(45,2);(46,1);(47,3);(48,1);(49,2);(50,3);
1260;5;1;4;9;4;8;23;8;23;500;5;(1,2);(2,1);(3,1);(4,1);(5,2);(6,2);(7,2);(8,1);(9,2);(10,2);(11,2);(12,2);(13,2);(14,2);(15,1);(16,2);(17,0);(18,1);(19,2);(20,4);(21,3);(22,2);(23,2);(24,2);(25,2);(26,2);(27,1);(28,2);(29,2);(30,2);(31,2);(32,1);(33,3);(34,1);(35,1);(36,3);(37,2);(38,1);(39,1);(40,4);(41,1);(42,1);(43,1);(44,2);(45,2);(46,1);(47,3);(48,1);(49,2);(50,3);
1270;5;1;4;8;5;8;23;8;23;505;5;(1,2);(2,1);(3,1);(4,1);(5,2);(6,2);(7,2);(8,1);(9,2);(10,3);(11,2);(12,2);(13,2);(14,2);(15,1);(16,2);(17,0);(18,1);(19,2);(20,4);(21,3);(22,2);(23,2);(24,2);(25,2);(26,2);(27,1);(28,2);(29,2);(30,2);(31,2);(32,1);(33,3);(34,1);(35,1);(36,3);(37,2);(38,2);(39,1);(40,4);(41,1);(42,1);(43,1);(44,2);(45,2);(46,1);(47,3);(48,1);(49,2);(50,3);
1280;4;2;3;9;6;9;24;5;23;510;5;(1,2);(2,1);(3,1);(4,1);(5,2);(6,2);(7,2);(8,1);(9,2);(10,3);(11,2);(12,2);(13,3);(14,3);(15,1);(16,2);(17,0);(18,1);(19,2);(20,4);(21,3);(22,2);(23,2);(24,2);(25,2);(26,2);(27,1);(28,2);(29,2);(30,2);(31,2);(32,1);(33,3);(34,1);(35,1);(36,3);(37,2);(38,2);(39,1);(40,4);(41,1);(42,1);(43,1);(44,2);(45,2);(46,1);(47,3);(48,1);(49,2);(50,3);
1290;3;3;3;9;6;9;23;6;23;516;5;(1,2);(2,1);(3,1);(4,1);(5,2);(6,2);(7,2);(8,1);(9,2);(10,3);(11,2);(12,2);(13,3);(14,3);(15,1);(16,2);(17,0);(18,1);(19,2);(20,4);(21,3);(22,2);(23,2);(24,2);(25,2);(26,2);(27,1);(28,2);(29,2);(30,2);(31,2);(32,1);(33,3);(34,1);(35,1);(36,3);(37,2);(38,2);(39,1);(40,4);(41,1);(42,1);(43,1);(44,2);(45,2);(46,1);(47,3);(48,1);(49,2);(50,3);
1300;4;2;3;9;6;9;22;7;22;521;6;(1,2);(2,1);(3,1);(4,1);(5,2);(6,2);(7,2);(8,1);(9,2);(10,3);(11,2);(12,2);(13,3);(14,3);(15,1);(16,2);(17,0);(18,1);(19,2);(20,4);(21,3);(22,2);(23,2);(24,2);(25,2);(26,2);(27,1);(28,2);(29,2);(30,2);(31,2);(32,1);(33,3);(34,1);(35,1);(36,3);(37,2);(38,2);(39,1);(40,4);(41,1);(42,1);(43,1);(44,2);(45,2);(46,1);(47,3);(48,1);(49,2);(50,3);
1310;3;3;3;10;5;9;22;7;22;527;6;(1,2);(2,1);(3,1);(4,1);(5,2);(6,2);(7,2);(8,1);(9,2);(10,3);(11,2);(12,2);(13,3);(14,3);(15,1);(16,2);(17,0);(18,1);(19,2);(20,4);(21,3);(22,2);(23,2);(24,2);(25,2);(26,2);(27,1);(28,2);(29,2);(30,2);(31,2);(32,1);(33,3);(34,1);(35,1);(36,3);(37,2);(38,2);(39,1);(40,4);(41,1);(42,1);(43,1);(44,2);(45,2);(46,1);(47,3);(48,1);(49,2);(50,3);
1320;3;3;3;9;6;9;22;7;22;531;6;(1,2);(2,1);(3,1);(4,1);(5,2);(6,2);(7,2);(8,1);(9,2);(10,3);(11,2);(12,2);(13,3);(14,3);(15,1);(16,2);(17,0);(18,1);(19,2);(20,4);(21,3);(22,2);(23,2);(24,2);(25,2);(26,2);(27,1);(28,2);(29,2);(30,2);(31,2);(32,1);(33,3);(34,1);(35,1);(36,3);(37,2);(38,2);(39,1);(40,4);(41,1);(42,1);(43,1);(44,2);(45,2);(46,1);(47,3);(48,1);(49,2);(50,3);
1330;4;2;3;9;6;9;22;7;22;536;6;(1,2);(2,1);(3,1);(4,1);(5,2);(6,2);(7,2);(8,1);(9,2);(10,3);(11,2);(12,2);(13,3);(14,3);(15,1);(16,2);(17,0);(18,1);(19,2);(20,4);(21,3);(22,2);(23,2);(24,2);(25,2);(26,2);(27,1);(28,2);(29,2);(30,2);(31,2);(32,1);(33,3);(34,1);(35,1);(36,3);(37,2);(38,2);(39,1);(40,4);(41,1);(42,1);(43,1);(44,2);(45,2);(46,1);(47,3);(48,1);(49,2);(50,3);
1340;4;2;3;9;6;9;22;7;22;541;6;(1,2);(2,1);(3,1);(4,1);(5,2);(6,2);(7,2);(8,1);(9,2);(10,3);(11,2);(12,2);(13,3);(14,3);(15,1);(16,2);(17,0);(18,1);(19,2);(20,4);(21,3);(22,2);(23,2);(24,2);(25,2);(26,2);(27,1);(28,2);(29,2);(30,2);(31,2);(32,1);(33,3);(34,1);(35,1);(36,3);(37,2);(38,2);(39,1);(40,4);(41,1);(42,1);(43,1);(44,2);(45,2);(46,1);(47,3);(48,1);(49,2);(50,3);
1350;3;3;2;10;7;10;23;4;22;546;6;(1,2);(2,1);(3,1);(4,1);(5,2);(6,2);(7,2);(8,1);(9,2);(10,3);(11,2);(12,2);(13,3);(14,3);(15,2);(16,2);(17,0);(18,1);(19,2);(20,5);(21,3);(22,2);(23,2);(24,2);(25,2);(26,2);(27,1);(28,2);(29,2);(30,2);(31,2);(32,1);(33,3);(34,1);(35,1);(36,3);(37,2);(38,2);(39,1);(40,4);(41,1);(42,1);(43,1);(44,2);(45,2);(46,1);(47,3);(48,1);(49,2);(50,3);
1360;2;4;2;11;6;10;22;5;22;551;6;(1,2);(2,1);(3,1);(4,1);(5,2);(6,2);(7,2);(8,1);(9,2);(10,3);(11,2);(12,2);(13,3);(14,3);(15,2);(16,2);(17,0);(18,1);(19,2);(20,5);(21,3);(22,2);(23,2);(24,2);(25,2);(26,2);(27,1);(28,2);(29,2);(30,2);(31,2);(32,1);(33,3);(34,1);(35,1);(36,3);(37,2);(38,2);(39,1);(40,4);(41,1);(42,1);(43,1);(44,2);(45,2);(46,1);(47,3);(48,1);(49,2);(50,3);
1370;2;4;2;11;6;10;22;5;22;555;6;(1,2);(2,1);(3,1);(4,1);(5,2);(6,2);(7,2);(8,1);(9,2);(10,3);(11,2);(12,2);(13,3);(14,3);(15,2);(16,2);(17,0);(18,1);(19,2);(20,5);(21,3);(22,2);(23,2);(24,2);(25,2);(26,2);(27,1);(28,2);(29,2);(30,2);(31,2);(32,1);(33,3);(34,1);(35,1);(36,3);(37,2);(38,2);(39,1);(40,4);(41,1);(42,1);(43,1);(44,2);(45,2);(46,1);(47,3);(48,1);(49,2);(50,3);
1380;2;4;2;10;7;10;22;5;22;560;6;(1,2);(2,1);(3,1);(4,1);(5,2);(6,2);(7,2);(8,1);(9,2);(10,3);(11,2);(12,2);(13,3);(14,3);(15,2);(16,2);(17,0);(18,1);(19,2);(20,5);(21,3);(22,2);(23,2);(24,2);(25,2);(26,2);(27,1);(28,2);(29,2);(30,2);(31,2);(32,1);(33,3);(34,1);(35,1);(36,3);(37,2);(38,2);(39,1);(40,4);(41,1);(42,1);(43,1);(44,2);(45,2);(46,1);(47,3);(48,1);(49,2);(50,3);
1390;2;4;2;10;6;9;23;5;22;565;7;(1,2);(2,1);(3,1);(4,1);(5,2);(6,2);(7,2);(8,1);(9,2);(10,3);(11,2);(12,2);(13,3);(14,3);(15,2);(16,2);(17,0);(18,1);(19,2);(20,5);(21,3);(22,2);(23,2);(24,2);(25,2);(26,2);(27,1);(28,2);(29,2);(30,2);(31,2);(32,1);(33,3);(34,1);(35,1);(36,3);(37,2);(38,2);(39,1);(40,4);(41,1);(42,1);(43,1);(44,2);(45,2);(46,2);(47,3);(48,1);(49,2);(50,3);
1400;2;4;2;10;6;9;22;6;22;569;7;(1,2);(2,1);(3,1);(4,1);(5,2);(6,2);(7,2);(8,1);(9,2);(10,3);(11,2);(12,2);(13,3);(14,3);(15,2);(16,2);(17,0);(18,1);(19,2);(20,5);(21,3);(22,2);(23,2);(24,2);(25,2);(26,2);(27,1);(28,2);(29,2);(30,2);(31,2);(32,1);(33,3);(34,1);(35,1);(36,3);(37,2);(38,2);(39,1);(40,4);(41,1);(42,1);(43,1);(44,2);(45,2);(46,2);(47,3);(48,1);(49,2);(50,3);
1410;2;4;2;10;6;9;22;6;22;573;7;(1,2);(2,1);(3,1);(4,1);(5,2);(6,2);(7,2);(8,1);(9,2);(10,3);(11,2);(12,2);(13,3);(14,3);(15,2);(16,2);(17,0);(18,1);(19,2);(20,5);(21,3);(22,2);(23,2);(24,2);(25,2);(26,2);(27,1);(28,2);(29,2);(30,2);(31,2);(32,1);(33,3);(34,1);(35,1);(36,3);(37,2);(38,2);(39,1);(40,4);(41,1);(42,1);(43,1);(44,2);(45,2);(46,2);(47,3);(48,1);(49,2);(50,3);
1420;1;5;1;10;7;10;22;5;21;578;8;(1,2);(2,1);(3,2);(4,1);(5,2);(6,2);(7,2);(8,1);(9,2);(10,3);(11,2);(12,2);(13,3);(14,3);(15,2);(16,2);(17,0);(18,1);(19,2);(20,5);(21,3);(22,2);(23,2);(24,2);(25,2);(26,2);(27,1);(28,2);(29,2);(30,2);(31,2);(32,1);(33,3);(34,1);(35,1);(36,3);(37,2);(38,2);(39,1);(40,4);(41,1);(42,1);(43,1);(44,2);(45,2);(46,2);(47,3);(48,1);(49,2);(50,3);
1430;1;5;1;10;7;9;22;5;22;582;8;(1,2);(2,1);(3,2);(4,1);(5,2);(6,2);(7,2);(8,1);(9,2);(10,3);(11,2);(12,2);(13,3);(14,3);(15,2);(16,2);(17,0);(18,1);(19,2);(20,5);(21,3);(22,2);(23,2);(24,2);(25,2);(26,2);(27,1);(28,2);(29,2);(30,2);(31,2);(32,1);(33,3);(34,1);(35,1);(36,3);(37,2);(38,2);(39,1);(40,4);(41,1);(42,1);(43,1);(44,2);(45,2);(46,2);(47,3);(48,1);(49,2);(50,3);
1440;1;5;1;9;7;9;22;6;22;586;8;(1,2);(2,1);(3,2);(4,1);(5,2);(6,2);(7,2);(8,2);(9,2);(10,3);(11,2);(12,2);(13,3);(14,3);(15,2);(16,2);(17,0);(18,1);(19,2);(20,5);(21,3);(22,2);(23,2);(24,2);(25,2);(26,2);(27,1);(28,2);(29,2);(30,2);(31,2);(32,1);(33,3);(34,1);(35,1);(36,3);(37,2);(38,2);(39,1);(40,4);(41,1);(42,1);(43,1);(44,2);(45,2);(46,2);(47,3);(48,1);(49,2);(50,3);
1450;2;3;1;9;8;9;23;5;22;590;8;(1,2);(2,1);(3,2);(4,1);(5,2);(6,2);(7,2);(8,2);(9,2);(10,3);(11,2);(12,2);(13,3);(14,3);(15,2);(16,2);(17,1);(18,1);(19,2);(20,5);(21,3);(22,2);(23,2);(24,2);(25,2);(26,2);(27,1);(28,2);(29,2);(30,2);(31,2);(32,1);(33,3);(34,1);(35,1);(36,3);(37,2);(38,2);(39,1);(40,4);(41,1);(42,1);(43,1);(44,2);(45,2);(46,2);(47,3);(48,1);(49,2);(50,3);
1460;1;4;0;10;7;10;21;7;21;595;9;(1,2);(2,1);(3,2);(4,1);(5,2);(6,2);(7,2);(8,2);(9,2);(10,3);(11,2);(12,2);(13,3);(14,3);(15,2);(16,2);(17,1);(18,1);(19,2);(20,5);(21,3);(22,2);(23,2);(24,2);(25,2);(26,2);(27,1);(28,2);(29,2);(30,2);(31,2);(32,1);(33,3);(34,1);(35,1);(36,3);(37,2);(38,2);(39,1);(40,4);(41,1);(42,1);(43,1);(44,2);(45,2);(46,2);(47,3);(48,1);(49,2);(50,3);
1470;0;5;0;11;6;10;21;7;20;599;10;(1,2);(2,1);(3,2);(4,1);(5,2);(6,2);(7,2);(8,2);(9,2);(10,3);(11,2);(12,2);(13,3);(14,3);(15,2);(16,2);(17,1);(18,1);(19,2);(20,5);(21,3);(22,2);(23,2);(24,2);(25,2);(26,2);(27,1);(28,2);(29,2);(30,2);(31,2);(32,1);(33,3);(34,1);(35,1);(36,3);(37,2);(38,2);(39,1);(40,4);(41,1);(42,1);(43,1);(44,2);(45,2);(46,2);(47,3);(48,1);(49,2);(50,3);
1480;0;5;0;10;7;10;20;8;19;603;11;(1,2);(2,1);(3,2);(4,1);(5,2);(6,2);(7,2);(8,2);(9,2);(10,3);(11,2);(12,2);(13,3);(14,3);(15,2);(16,2);(17,1);(18,1);(19,2);(20,5);(21,3);(22,2);(23,2);(24,2);(25,2);(26,2);(27,1);(28,2);(29,2);(30,2);(31,2);(32,1);(33,3);(34,1);(35,1);(36,3);(37,2);(38,2);(39,1);(40,4);(41,1);(42,1);(43,1);(44,2);(45,2);(46,2);(47,3);(48,1);(49,2);(50,3);
1490;0;5;0;11;6;10;19;9;19;608;11;(1,2);(2,1);(3,2);(4,1);(5,2);(6,2);(7,2);(8,2);(9,2);(10,3);(11,2);(12,2);(13,3);(14,3);(15,2);(16,2);(17,1);(18,1);(19,2);(20,5);(21,3);(22,2);(23,2);(24,2);(25,2);(26,2);(27,1);(28,2);(29,2);(30,2);(31,2);(32,1);(33,3);(34,1);(35,1);(36,3);(37,2);(38,2);(39,1);(40,4);(41,1);(42,1);(43,1);(44,2);(45,2);(46,2);(47,3);(48,1);(49,2);(50,3);
1500;0;5;5;11;6;10;20;8;19;612;11;(1,2);(2,1);(3,2);(4,1);(5,2);(6,2);(7,2);(8,2);(9,2);(10,3);(11,2);(12,2);(13,3);(14,3);(15,2);(16,2);(17,1);(18,1);(19,2);(20,5);(21,3);(22,2);(23,2);(24,2);(25,2);(26,2);(27,1);(28,2);(29,2);(30,2);(31,2);(32,1);(33,3);(34,1);(35,1);(36,3);(37,2);(38,2);(39,1);(40,4);(41,1);(42,1);(43,1);(44,2);(45,2);(46,2);(47,3);(48,1);(49,2);(50,3);
1510;6;6;5;10;4;10;19;5;18;616;12;(1,2);(2,1);(3,2);(4,1);(5,2);(6,2);(7,2);(8,3);(9,2);(10,3);(11,2);(12,2);(13,4);(14,4);(15,2);(16,2);(17,1);(18,1);(19,2);(20,6);(21,3);(22,2);(23,2);(24,2);(25,2);(26,2);(27,1);(28,3);(29,3);(30,2);(31,2);(32,1);(33,3);(34,1);(35,1);(36,3);(37,3);(38,2);(39,1);(40,4);(41,1);(42,1);(43,1);(44,2);(45,2);(46,2);(47,3);(48,1);(49,2);(50,3);
1520;5;7;5;11;3;10;19;5;18;621;12;(1,2);(2,1);(3,2);(4,1);(5,2);(6,2);(7,2);(8,3);(9,2);(10,3);(11,2);(12,2);(13,4);(14,4);(15,2);(16,2);(17,1);(18,1);(19,2);(20,6);(21,3);(22,2);(23,2);(24,2);(25,2);(26,2);(27,1);(28,3);(29,3);(30,2);(31,2);(32,1);(33,3);(34,1);(35,1);(36,3);(37,3);(38,2);(39,1);(40,4);(41,1);(42,1);(43,1);(44,2);(45,2);(46,2);(47,3);(48,1);(49,2);(50,3);
1530;6;6;5;10;4;10;19;5;18;625;12;(1,2);(2,1);(3,2);(4,1);(5,2);(6,2);(7,2);(8,3);(9,2);(10,3);(11,2);(12,2);(13,4);(14,4);(15,2);(16,2);(17,1);(18,1);(19,2);(20,6);(21,3);(22,2);(23,2);(24,2);(25,2);(26,2);(27,1);(28,3);(29,3);(30,2);(31,2);(32,1);(33,3);(34,1);(35,1);(36,3);(37,3);(38,2);(39,1);(40,4);(41,1);(42,1);(43,1);(44,2);(45,2);(46,2);(47,3);(48,1);(49,2);(50,3);
1540;5;7;5;10;4;10;19;5;18;630;12;(1,2);(2,1);(3,2);(4,1);(5,2);(6,2);(7,2);(8,3);(9,2);(10,3);(11,2);(12,2);(13,4);(14,4);(15,2);(16,2);(17,1);(18,1);(19,2);(20,6);(21,3);(22,2);(23,2);(24,2);(25,2);(26,2);(27,1);(28,3);(29,3);(30,2);(31,2);(32,1);(33,3);(34,1);(35,1);(36,3);(37,3);(38,2);(39,1);(40,4);(41,1);(42,1);(43,1);(44,2);(45,2);(46,2);(47,3);(48,1);(49,2);(50,3);
1550;5;6;5;7;7;7;21;4;21;634;12;(1,2);(2,1);(3,2);(4,1);(5,2);(6,2);(7,2);(8,3);(9,2);(10,3);(11,2);(12,2);(13,4);(14,4);(15,2);(16,2);(17,1);(18,1);(19,2);(20,6);(21,3);(22,2);(23,2);(24,2);(25,2);(26,2);(27,1);(28,3);(29,3);(30,2);(31,2);(32,1);(33,3);(34,1);(35,1);(36,3);(37,3);(38,2);(39,1);(40,4);(41,1);(42,1);(43,1);(44,2);(45,2);(46,2);(47,3);(48,1);(49,3);(50,3);
1560;5;6;5;7;7;7;20;5;20;638;13;(1,2);(2,1);(3,2);(4,1);(5,2);(6,2);(7,2);(8,3);(9,2);(10,3);(11,2);(12,2);(13,4);(14,4);(15,2);(16,2);(17,1);(18,1);(19,2);(20,6);(21,3);(22,2);(23,2);(24,2);(25,2);(26,2);(27,1);(28,3);(29,3);(30,2);(31,2);(32,1);(33,3);(34,1);(35,1);(36,3);(37,3);(38,2);(39,1);(40,4);(41,1);(42,1);(43,1);(44,2);(45,2);(46,2);(47,3);(48,1);(49,3);(50,3);
1570;5;6;5;7;7;7;21;4;20;641;13;(1,2);(2,1);(3,2);(4,1);(5,2);(6,2);(7,2);(8,3);(9,2);(10,3);(11,2);(12,2);(13,4);(14,4);(15,2);(16,2);(17,1);(18,1);(19,2);(20,6);(21,3);(22,2);(23,2);(24,2);(25,2);(26,2);(27,1);(28,3);(29,3);(30,2);(31,2);(32,1);(33,3);(34,1);(35,1);(36,3);(37,3);(38,2);(39,1);(40,4);(41,1);(42,1);(43,1);(44,2);(45,2);(46,2);(47,3);(48,1);(49,3);(50,3);
1580;5;6;5;7;7;7;19;6;19;646;14;(1,2);(2,1);(3,2);(4,1);(5,2);(6,2);(7,2);(8,3);(9,2);(10,3);(11,2);(12,2);(13,4);(14,4);(15,2);(16,2);(17,1);(18,1);(19,2);(20,6);(21,3);(22,2);(23,2);(24,2);(25,2);(26,2);(27,1);(28,3);(29,3);(30,2);(31,2);(32,1);(33,3);(34,1);(35,1);(36,3);(37,3);(38,2);(39,1);(40,4);(41,1);(42,1);(43,1);(44,2);(45,2);(46,2);(47,3);(48,1);(49,3);(50,3);
1590;6;5;5;7;7;7;19;6;19;650;14;(1,2);(2,1);(3,2);(4,1);(5,2);(6,2);(7,2);(8,3);(9,2);(10,3);(11,2);(12,2);(13,4);(14,4);(15,2);(16,2);(17,1);(18,1);(19,2);(20,6);(21,3);(22,2);(23,2);(24,2);(25,2);(26,2);(27,1);(28,3);(29,3);(30,2);(31,2);(32,1);(33,3);(34,1);(35,1);(36,3);(37,3);(38,2);(39,1);(40,4);(41,1);(42,1);(43,1);(44,2);(45,2);(46,2);(47,3);(48,1);(49,3);(50,3);
1600;6;5;5;8;6;7;20;5;19;654;14;(1,2);(2,1);(3,2);(4,1);(5,2);(6,2);(7,2);(8,3);(9,2);(10,3);(11,2);(12,2);(13,4);(14,4);(15,2);(16,2);(17,1);(18,1);(19,2);(20,6);(21,3);(22,2);(23,2);(24,2);(25,2);(26,2);(27,1);(28,3);(29,3);(30,2);(31,2);(32,1);(33,3);(34,1);(35,1);(36,3);(37,3);(38,2);(39,1);(40,4);(41,1);(42,1);(43,1);(44,2);(45,2);(46,2);(47,3);(48,1);(49,3);(50,3);
1610;5;6;5;7;7;7;19;6;19;658;14;(1,2);(2,1);(3,2);(4,1);(5,2);(6,2);(7,2);(8,3);(9,2);(10,3);(11,2);(12,2);(13,4);(14,4);(15,2);(16,2);(17,1);(18,1);(19,2);(20,6);(21,3);(22,2);(23,2);(24,2);(25,2);(26,2);(27,1);(28,3);(29,3);(30,2);(31,2);(32,1);(33,3);(34,1);(35,1);(36,3);(37,3);(38,2);(39,1);(40,4);(41,1);(42,1);(43,1);(44,2);(45,2);(46,2);(47,3);(48,1);(49,3);(50,3);
1620;5;6;5;7;6;6;20;6;20;663;14;(1,2);(2,1);(3,2);(4,1);(5,2);(6,2);(7,2);(8,3);(9,2);(10,3);(11,2);(12,2);(13,4);(14,4);(15,2);(16,2);(17,1);(18,1);(19,2);(20,6);(21,3);(22,2);(23,2);(24,2);(25,2);(26,2);(27,1);(28,3);(29,3);(30,2);(31,2);(32,1);(33,3);(34,1);(35,1);(36,4);(37,3);(38,2);(39,1);(40,4);(41,1);(42,1);(43,1);(44,2);(45,2);(46,2);(47,3);(48,1);(49,3);(50,3);
1630;5;6;5;6;7;6;21;5;20;667;14;(1,2);(2,1);(3,2);(4,1);(5,2);(6,2);(7,2);(8,3);(9,2);(10,3);(11,2);(12,2);(13,4);(14,4);(15,2);(16,2);(17,1);(18,1);(19,2);(20,6);(21,3);(22,2);(23,2);(24,2);(25,2);(26,2);(27,1);(28,3);(29,3);(30,2);(31,2);(32,1);(33,3);(34,1);(35,1);(36,4);(37,3);(38,2);(39,1);(40,4);(41,1);(42,1);(43,1);(44,2);(45,2);(46,2);(47,3);(48,1);(49,3);(50,3);
1640;5;6;5;6;7;6;21;5;20;671;14;(1,2);(2,1);(3,2);(4,1);(5,2);(6,2);(7,2);(8,3);(9,2);(10,3);(11,2);(12,2);(13,4);(14,4);(15,2);(16,2);(17,1);(18,1);(19,2);(20,6);(21,3);(22,2);(23,2);(24,2);(25,2);(26,2);(27,1);(28,3);(29,3);(30,2);(31,2);(32,1);(33,3);(34,1);(35,1);(36,4);(37,3);(38,2);(39,1);(40,4);(41,1);(42,1);(43,1);(44,2);(45,2);(46,2);(47,3);(48,1);(49,3);(50,3);
1650;5;6;5;7;6;6;21;5;20;676;14;(1,2);(2,1);(3,2);(4,1);(5,2);(6,2);(7,2);(8,3);(9,2);(10,3);(11,2);(12,2);(13,4);(14,4);(15,2);(16,2);(17,1);(18,1);(19,2);(20,6);(21,3);(22,2);(23,2);(24,2);(25,2);(26,2);(27,1);(28,3);(29,3);(30,2);(31,2);(32,1);(33,3);(34,1);(35,1);(36,4);(37,3);(38,2);(39,1);(40,4);(41,1);(42,1);(43,1);(44,2);(45,2);(46,2);(47,3);(48,1);(49,3);(50,3);
1660;6;5;5;6;7;6;20;6;20;680;14;(1,2);(2,1);(3,2);(4,1);(5,2);(6,2);(7,2);(8,3);(9,2);(10,3);(11,2);(12,2);(13,4);(14,4);(15,2);(16,2);(17,1);(18,1);(19,2);(20,6);(21,3);(22,2);(23,2);(24,2);(25,2);(26,2);(27,1);(28,3);(29,3);(30,2);(31,2);(32,1);(33,3);(34,1);(35,1);(36,4);(37,3);(38,2);(39,1);(40,4);(41,1);(42,1);(43,1);(44,2);(45,2);(46,2);(47,3);(48,1);(49,3);(50,3);
1670;6;5;5;6;7;6;20;6;20;684;14;(1,2);(2,1);(3,2);(4,1);(5,2);(6,2);(7,2);(8,3);(9,2);(10,3);(11,2);(12,2);(13,4);(14,4);(15,2);(16,2);(17,1);(18,1);(19,2);(20,6);(21,3);(22,2);(23,2);(24,2);(25,2);(26,2);(27,1);(28,3);(29,3);(30,2);(31,2);(32,1);(33,3);(34,1);(35,1);(36,4);(37,3);(38,2);(39,1);(40,4);(41,1);(42,1);(43,1);(44,2);(45,2);(46,2);(47,3);(48,1);(49,3);(50,3);
1680;5;6;5;6;6;6;21;6;20;688;14;(1,2);(2,1);(3,2);(4,1);(5,2);(6,2);(7,2);(8,3);(9,2);(10,3);(11,2);(12,2);(13,4);(14,4);(15,2);(16,2);(17,1);(18,1);(19,2);(20,6);(21,3);(22,2);(23,2);(24,2);(25,2);(26,2);(27,1);(28,3);(29,3);(30,2);(31,2);(32,1);(33,3);(34,1);(35,1);(36,4);(37,3);(38,2);(39,2);(40,4);(41,1);(42,1);(43,1);(44,2);(45,2);(46,2);(47,3);(48,1);(49,3);(50,3);
1690;6;5;5;7;5;6;21;6;20;693;14;(1,2);(2,1);(3,2);(4,1);(5,2);(6,2);(7,2);(8,3);(9,2);(10,3);(11,2);(12,2);(13,4);(14,4);(15,2);(16,2);(17,1);(18,1);(19,2);(20,6);(21,3);(22,2);(23,2);(24,2);(25,2);(26,2);(27,1);(28,3);(29,3);(30,2);(31,2);(32,1);(33,3);(34,1);(35,1);(36,4);(37,3);(38,2);(39,2);(40,4);(41,1);(42,1);(43,1);(44,2);(45,2);(46,2);(47,3);(48,1);(49,3);(50,3);
1700;5;6;5;7;5;6;20;7;20;697;14;(1,2);(2,1);(3,2);(4,1);(5,2);(6,2);(7,2);(8,3);(9,2);(10,3);(11,2);(12,2);(13,4);(14,4);(15,2);(16,2);(17,1);(18,1);(19,2);(20,6);(21,3);(22,2);(23,2);(24,2);(25,2);(26,2);(27,1);(28,3);(29,3);(30,2);(31,2);(32,1);(33,3);(34,1);(35,1);(36,4);(37,3);(38,2);(39,2);(40,4);(41,1);(42,1);(43,1);(44,2);(45,2);(46,2);(47,3);(48,1);(49,3);(50,3);
1710;4;7;3;9;5;8;20;5;20;701;14;(1,2);(2,1);(3,2);(4,1);(5,2);(6,2);(7,2);(8,3);(9,2);(10,3);(11,2);(12,2);(13,4);(14,4);(15,2);(16,2);(17,1);(18,1);(19,2);(20,6);(21,3);(22,2);(23,2);(24,2);(25,2);(26,2);(27,1);(28,3);(29,3);(30,2);(31,2);(32,1);(33,3);(34,1);(35,1);(36,4);(37,3);(38,2);(39,2);(40,4);(41,1);(42,1);(43,1);(44,2);(45,2);(46,3);(47,3);(48,1);(49,4);(50,3);
1720;3;8;3;8;6;8;21;4;20;706;14;(1,2);(2,1);(3,2);(4,1);(5,2);(6,2);(7,2);(8,3);(9,2);(10,3);(11,2);(12,2);(13,4);(14,4);(15,2);(16,2);(17,1);(18,1);(19,2);(20,6);(21,3);(22,2);(23,2);(24,2);(25,2);(26,2);(27,1);(28,3);(29,3);(30,2);(31,2);(32,1);(33,3);(34,1);(35,1);(36,4);(37,3);(38,2);(39,2);(40,4);(41,1);(42,1);(43,1);(44,2);(45,2);(46,3);(47,3);(48,1);(49,4);(50,3);
1730;4;7;3;9;6;8;20;4;20;710;14;(1,3);(2,1);(3,2);(4,1);(5,2);(6,2);(7,2);(8,3);(9,2);(10,3);(11,2);(12,2);(13,4);(14,4);(15,2);(16,2);(17,1);(18,1);(19,2);(20,6);(21,3);(22,2);(23,2);(24,2);(25,2);(26,2);(27,1);(28,3);(29,3);(30,2);(31,2);(32,1);(33,3);(34,1);(35,1);(36,4);(37,3);(38,2);(39,2);(40,4);(41,1);(42,1);(43,1);(44,2);(45,2);(46,3);(47,3);(48,1);(49,4);(50,3);
1740;4;7;3;8;7;8;20;4;20;715;14;(1,3);(2,1);(3,2);(4,1);(5,2);(6,2);(7,2);(8,3);(9,2);(10,3);(11,2);(12,2);(13,4);(14,4);(15,2);(16,2);(17,1);(18,1);(19,2);(20,6);(21,3);(22,2);(23,2);(24,2);(25,2);(26,2);(27,1);(28,3);(29,3);(30,2);(31,2);(32,1);(33,3);(34,1);(35,1);(36,4);(37,3);(38,2);(39,2);(40,4);(41,1);(42,1);(43,1);(44,2);(45,2);(46,3);(47,3);(48,1);(49,4);(50,3);
1750;3;8;2;9;7;9;20;3;20;720;14;(1,3);(2,1);(3,2);(4,1);(5,2);(6,2);(7,2);(8,3);(9,2);(10,3);(11,2);(12,2);(13,4);(14,4);(15,2);(16,3);(17,1);(18,1);(19,2);(20,6);(21,3);(22,2);(23,2);(24,2);(25,2);(26,2);(27,1);(28,3);(29,3);(30,2);(31,2);(32,1);(33,3);(34,1);(35,1);(36,4);(37,3);(38,2);(39,2);(40,4);(41,1);(42,1);(43,1);(44,2);(45,2);(46,3);(47,3);(48,1);(49,4);(50,3);
1760;2;9;2;9;7;9;21;2;20;724;14;(1,3);(2,1);(3,2);(4,1);(5,2);(6,2);(7,2);(8,3);(9,2);(10,3);(11,2);(12,2);(13,4);(14,4);(15,2);(16,3);(17,1);(18,1);(19,2);(20,6);(21,3);(22,2);(23,2);(24,2);(25,2);(26,2);(27,1);(28,3);(29,3);(30,2);(31,2);(32,1);(33,3);(34,1);(35,1);(36,4);(37,3);(38,2);(39,2);(40,4);(41,1);(42,1);(43,1);(44,2);(45,2);(46,3);(47,3);(48,1);(49,4);(50,3);
1770;3;7;2;8;8;8;21;3;21;729;14;(1,3);(2,1);(3,2);(4,1);(5,2);(6,2);(7,2);(8,3);(9,2);(10,3);(11,2);(12,2);(13,4);(14,4);(15,2);(16,3);(17,1);(18,1);(19,2);(20,6);(21,3);(22,2);(23,2);(24,2);(25,2);(26,2);(27,1);(28,3);(29,3);(30,2);(31,2);(32,1);(33,3);(34,1);(35,1);(36,4);(37,4);(38,2);(39,2);(40,4);(41,1);(42,1);(43,1);(44,2);(45,2);(46,3);(47,3);(48,1);(49,4);(50,3);
1780;2;7;2;8;8;8;21;4;21;733;14;(1,3);(2,1);(3,2);(4,1);(5,2);(6,2);(7,2);(8,4);(9,2);(10,3);(11,2);(12,2);(13,4);(14,4);(15,2);(16,3);(17,1);(18,1);(19,2);(20,6);(21,3);(22,2);(23,2);(24,2);(25,2);(26,2);(27,1);(28,3);(29,3);(30,2);(31,2);(32,1);(33,3);(34,1);(35,1);(36,4);(37,4);(38,2);(39,2);(40,4);(41,1);(42,1);(43,1);(44,2);(45,2);(46,3);(47,3);(48,1);(49,4);(50,3);
1790;3;6;2;8;8;8;21;4;21;737;14;(1,3);(2,1);(3,2);(4,1);(5,2);(6,2);(7,2);(8,4);(9,2);(10,3);(11,2);(12,2);(13,4);(14,4);(15,2);(16,3);(17,1);(18,1);(19,2);(20,6);(21,3);(22,2);(23,2);(24,2);(25,2);(26,2);(27,1);(28,3);(29,3);(30,2);(31,2);(32,1);(33,3);(34,1);(35,1);(36,4);(37,4);(38,2);(39,2);(40,4);(41,1);(42,1);(43,1);(44,2);(45,2);(46,3);(47,3);(48,1);(49,4);(50,3);
1800;2;7;2;9;7;8;22;3;21;742;14;(1,3);(2,1);(3,2);(4,1);(5,2);(6,2);(7,2);(8,4);(9,2);(10,3);(11,2);(12,2);(13,4);(14,4);(15,2);(16,3);(17,1);(18,1);(19,2);(20,6);(21,3);(22,2);(23,2);(24,2);(25,2);(26,2);(27,1);(28,3);(29,3);(30,2);(31,2);(32,1);(33,3);(34,1);(35,1);(36,4);(37,4);(38,2);(39,2);(40,4);(41,1);(42,1);(43,1);(44,2);(45,2);(46,3);(47,3);(48,1);(49,4);(50,3);
1810;2;7;2;9;7;8;21;4;21;746;14;(1,3);(2,1);(3,2);(4,1);(5,2);(6,2);(7,2);(8,4);(9,2);(10,3);(11,2);(12,2);(13,4);(14,4);(15,2);(16,3);(17,1);(18,1);(19,2);(20,6);(21,3);(22,2);(23,2);(24,2);(25,2);(26,2);(27,1);(28,3);(29,3);(30,2);(31,2);(32,1);(33,3);(34,1);(35,1);(36,4);(37,4);(38,2);(39,2);(40,4);(41,1);(42,1);(43,1);(44,2);(45,2);(46,3);(47,3);(48,1);(49,4);(50,3);
1820;3;6;2;9;7;8;21;4;21;750;14;(1,3);(2,1);(3,2);(4,1);(5,2);(6,2);(7,2);(8,4);(9,2);(10,3);(11,2);(12,2);(13,4);(14,4);(15,2);(16,3);(17,1);(18,1);(19,2);(20,6);(21,3);(22,2);(23,2);(24,2);(25,2);(26,2);(27,1);(28,3);(29,3);(30,2);(31,2);(32,1);(33,3);(34,1);(35,1);(36,4);(37,4);(38,2);(39,2);(40,4);(41,1);(42,1);(43,1);(44,2);(45,2);(46,3);(47,3);(48,1);(49,4);(50,3);
1830;3;6;2;8;8;8;21;4;21;754;14;(1,3);(2,1);(3,2);(4,1);(5,2);(6,2);(7,2);(8,4);(9,2);(10,3);(11,2);(12,2);(13,4);(14,4);(15,2);(16,3);(17,1);(18,1);(19,2);(20,6);(21,3);(22,2);(23,2);(24,2);(25,2);(26,2);(27,1);(28,3);(29,3);(30,2);(31,2);(32,1);(33,3);(34,1);(35,1);(36,4);(37,4);(38,2);(39,2);(40,4);(41,1);(42,1);(43,1);(44,2);(45,2);(46,3);(47,3);(48,1);(49,4);(50,3);
1840;2;7;2;8;8;8;21;4;21;758;14;(1,3);(2,1);(3,2);(4,1);(5,2);(6,2);(7,2);(8,4);(9,2);(10,3);(11,2);(12,2);(13,4);(14,4);(15,2);(16,3);(17,1);(18,1);(19,2);(20,6);(21,3);(22,2);(23,2);(24,2);(25,2);(26,2);(27,1);(28,3);(29,3);(30,2);(31,2);(32,1);(33,3);(34,1);(35,1);(36,4);(37,4);(38,2);(39,2);(40,4);(41,1);(42,1);(43,1);(44,2);(45,2);(46,3);(47,3);(48,1);(49,4);(50,3);
1850;3;6;2;9;7;8;20;5;20;762;15;(1,3);(2,1);(3,2);(4,1);(5,2);(6,2);(7,2);(8,4);(9,2);(10,3);(11,2);(12,2);(13,4);(14,4);(15,2);(16,3);(17,1);(18,1);(19,2);(20,6);(21,3);(22,2);(23,2);(24,2);(25,2);(26,2);(27,1);(28,3);(29,3);(30,2);(31,2);(32,1);(33,3);(34,1);(35,1);(36,4);(37,4);(38,2);(39,2);(40,4);(41,1);(42,1);(43,1);(44,2);(45,2);(46,3);(47,3);(48,1);(49,4);(50,3);
1860;3;6;2;8;8;8;20;5;20;766;15;(1,3);(2,1);(3,2);(4,1);(5,2);(6,2);(7,2);(8,4);(9,2);(10,3);(11,2);(12,2);(13,4);(14,4);(15,2);(16,3);(17,1);(18,1);(19,2);(20,6);(21,3);(22,2);(23,2);(24,2);(25,2);(26,2);(27,1);(28,3);(29,3);(30,2);(31,2);(32,1);(33,3);(34,1);(35,1);(36,4);(37,4);(38,2);(39,2);(40,4);(41,1);(42,1);(43,1);(44,2);(45,2);(46,3);(47,3);(48,1);(49,4);(50,3);
1870;2;7;2;8;8;8;21;4;20;770;15;(1,3);(2,1);(3,2);(4,1);(5,2);(6,2);(7,2);(8,4);(9,2);(10,3);(11,2);(12,2);(13,4);(14,4);(15,2);(16,3);(17,1);(18,1);(19,2);(20,6);(21,3);(22,2);(23,2);(24,2);(25,2);(26,2);(27,1);(28,3);(29,3);(30,2);(31,2);(32,1);(33,3);(34,1);(35,1);(36,4);(37,4);(38,2);(39,2);(40,4);(41,1);(42,1);(43,1);(44,2);(45,2);(46,3);(47,3);(48,1);(49,4);(50,3);
1880;2;7;2;9;7;8;21;4;20;774;15;(1,3);(2,1);(3,2);(4,1);(5,2);(6,2);(7,2);(8,4);(9,2);(10,3);(11,2);(12,2);(13,4);(14,4);(15,2);(16,3);(17,1);(18,1);(19,2);(20,6);(21,3);(22,2);(23,2);(24,2);(25,2);(26,2);(27,1);(28,3);(29,3);(30,2);(31,2);(32,1);(33,3);(34,1);(35,1);(36,4);(37,4);(38,2);(39,2);(40,4);(41,1);(42,1);(43,1);(44,2);(45,2);(46,3);(47,3);(48,1);(49,4);(50,3);
1890;3;6;2;8;8;8;21;4;20;778;15;(1,3);(2,1);(3,2);(4,1);(5,2);(6,2);(7,2);(8,4);(9,2);(10,3);(11,2);(12,2);(13,4);(14,4);(15,2);(16,3);(17,1);(18,1);(19,2);(20,6);(21,3);(22,2);(23,2);(24,2);(25,2);(26,2);(27,1);(28,3);(29,3);(30,2);(31,2);(32,1);(33,3);(34,1);(35,1);(36,4);(37,4);(38,2);(39,2);(40,4);(41,1);(42,1);(43,1);(44,2);(45,2);(46,3);(47,3);(48,1);(49,4);(50,3);
1900;3;6;2;8;8;8;21;4;20;782;15;(1,3);(2,1);(3,2);(4,1);(5,2);(6,2);(7,2);(8,4);(9,2);(10,3);(11,2);(12,2);(13,4);(14,4);(15,2);(16,3);(17,1);(18,1);(19,2);(20,6);(21,3);(22,2);(23,2);(24,2);(25,2);(26,2);(27,1);(28,3);(29,3);(30,2);(31,2);(32,1);(33,3);(34,1);(35,1);(36,4);(37,4);(38,2);(39,2);(40,4);(41,1);(42,1);(43,1);(44,2);(45,2);(46,3);(47,3);(48,1);(49,4);(50,3);
1910;2;7;2;8;9;8;20;4;20;786;15;(1,3);(2,1);(3,2);(4,1);(5,3);(6,2);(7,2);(8,4);(9,2);(10,3);(11,2);(12,2);(13,4);(14,4);(15,2);(16,3);(17,1);(18,1);(19,2);(20,6);(21,3);(22,2);(23,2);(24,2);(25,2);(26,2);(27,1);(28,3);(29,3);(30,2);(31,2);(32,1);(33,3);(34,1);(35,1);(36,4);(37,4);(38,2);(39,2);(40,4);(41,1);(42,1);(43,1);(44,2);(45,2);(46,3);(47,3);(48,1);(49,4);(50,3);
1920;3;6;2;8;9;8;20;4;20;789;15;(1,3);(2,1);(3,2);(4,1);(5,3);(6,2);(7,2);(8,4);(9,2);(10,3);(11,2);(12,2);(13,4);(14,4);(15,2);(16,3);(17,1);(18,1);(19,2);(20,6);(21,3);(22,2);(23,2);(24,2);(25,2);(26,2);(27,1);(28,3);(29,3);(30,2);(31,2);(32,1);(33,3);(34,1);(35,1);(36,4);(37,4);(38,2);(39,2);(40,4);(41,1);(42,1);(43,1);(44,2);(45,2);(46,3);(47,3);(48,1);(49,4);(50,3);
1930;3;6;2;8;9;8;21;3;20;793;15;(1,3);(2,1);(3,2);(4,1);(5,3);(6,2);(7,2);(8,4);(9,2);(10,3);(11,2);(12,2);(13,4);(14,4);(15,2);(16,3);(17,1);(18,1);(19,2);(20,6);(21,3);(22,2);(23,2);(24,2);(25,2);(26,2);(27,1);(28,3);(29,3);(30,2);(31,2);(32,1);(33,3);(34,1);(35,1);(36,4);(37,4);(38,2);(39,2);(40,4);(41,1);(42,1);(43,1);(44,2);(45,2);(46,3);(47,3);(48,1);(49,4);(50,3);
1940;3;6;2;8;9;8;21;3;20;797;15;(1,3);(2,1);(3,2);(4,1);(5,3);(6,2);(7,2);(8,4);(9,2);(10,3);(11,2);(12,2);(13,4);(14,4);(15,2);(16,3);(17,1);(18,1);(19,2);(20,6);(21,3);(22,2);(23,2);(24,2);(25,2);(26,2);(27,1);(28,3);(29,3);(30,2);(31,2);(32,1);(33,3);(34,1);(35,1);(36,4);(37,4);(38,2);(39,2);(40,4);(41,1);(42,1);(43,1);(44,2);(45,2);(46,3);(47,3);(48,1);(49,4);(50,3);
1950;2;7;2;9;8;8;20;4;19;800;16;(1,3);(2,1);(3,2);(4,1);(5,3);(6,2);(7,2);(8,4);(9,2);(10,3);(11,2);(12,2);(13,4);(14,4);(15,2);(16,3);(17,1);(18,1);(19,2);(20,6);(21,3);(22,2);(23,2);(24,2);(25,2);(26,2);(27,1);(28,3);(29,3);(30,2);(31,2);(32,1);(33,3);(34,1);(35,1);(36,4);(37,4);(38,2);(39,2);(40,4);(41,1);(42,1);(43,1);(44,2);(45,2);(46,3);(47,3);(48,1);(49,4);(50,3);
1960;2;7;2;8;9;8;19;5;19;804;16;(1,3);(2,1);(3,2);(4,1);(5,3);(6,2);(7,2);(8,4);(9,2);(10,3);(11,2);(12,2);(13,4);(14,4);(15,2);(16,3);(17,1);(18,1);(19,2);(20,6);(21,3);(22,2);(23,2);(24,2);(25,2);(26,2);(27,1);(28,3);(29,3);(30,2);(31,2);(32,1);(33,3);(34,1);(35,1);(36,4);(37,4);(38,2);(39,2);(40,4);(41,1);(42,1);(43,1);(44,2);(45,2);(46,3);(47,3);(48,1);(49,4);(50,3);
1970;3;6;2;8;9;8;20;4;19;808;16;(1,3);(2,1);(3,2);(4,1);(5,3);(6,2);(7,2);(8,4);(9,2);(10,3);(11,2);(12,2);(13,4);(14,4);(15,2);(16,3);(17,1);(18,1);(19,2);(20,6);(21,3);(22,2);(23,2);(24,2);(25,2);(26,2);(27,1);(28,3);(29,3);(30,2);(31,2);(32,1);(33,3);(34,1);(35,1);(36,4);(37,4);(38,2);(39,2);(40,4);(41,1);(42,1);(43,1);(44,2);(45,2);(46,3);(47,3);(48,1);(49,4);(50,3);
1980;2;7;2;8;9;8;20;4;19;811;16;(1,3);(2,1);(3,2);(4,1);(5,3);(6,2);(7,2);(8,4);(9,2);(10,3);(11,2);(12,2);(13,4);(14,4);(15,2);(16,3);(17,1);(18,1);(19,2);(20,6);(21,3);(22,2);(23,2);(24,2);(25,2);(26,2);(27,1);(28,3);(29,3);(30,2);(31,2);(32,1);(33,3);(34,1);(35,1);(36,4);(37,4);(38,2);(39,2);(40,4);(41,1);(42,1);(43,1);(44,2);(45,2);(46,3);(47,3);(48,1);(49,4);(50,3);
1990;3;6;2;8;9;8;19;5;19;815;16;(1,3);(2,1);(3,2);(4,1);(5,3);(6,2);(7,2);(8,4);(9,2);(10,3);(11,2);(12,2);(13,4);(14,4);(15,2);(16,3);(17,1);(18,1);(19,2);(20,6);(21,3);(22,2);(23,2);(24,2);(25,2);(26,2);(27,1);(28,3);(29,3);(30,2);(31,2);(32,1);(33,3);(34,1);(35,1);(36,4);(37,4);(38,2);(39,2);(40,4);(41,1);(42,1);(43,1);(44,2);(45,2);(46,3);(47,3);(48,1);(49,4);(50,3);
2000;2;7;7;8;9;8;19;5;19;818;16;(1,3);(2,1);(3,2);(4,1);(5,3);(6,2);(7,2);(8,4);(9,2);(10,3);(11,2);(12,2);(13,4);(14,4);(15,2);(16,3);(17,1);(18,1);(19,2);(20,6);(21,3);(22,2);(23,2);(24,2);(25,2);(26,2);(27,1);(28,3);(29,3);(30,2);(31,2);(32,1);(33,3);(34,1);(35,1);(36,4);(37,4);(38,2);(39,2);(40,4);(41,1);(42,1);(43,1);(44,2);(45,2);(46,3);(47,3);(48,1);(49,4);(50,3);
2010;7;8;7;9;4;8;20;2;19;822;16;(1,3);(2,2);(3,3);(4,1);(5,3);(6,2);(7,2);(8,4);(9,2);(10,4);(11,2);(12,2);(13,4);(14,4);(15,2);(16,3);(17,1);(18,1);(19,2);(20,6);(21,3);(22,2);(23,2);(24,2);(25,2);(26,2);(27,1);(28,3);(29,3);(30,2);(31,2);(32,1);(33,3);(34,1);(35,1);(36,4);(37,4);(38,2);(39,2);(40,5);(41,1);(42,1);(43,1);(44,2);(45,3);(46,4);(47,3);(48,1);(49,4);(50,3);
2020;6;8;6;9;5;9;18;4;18;825;17;(1,3);(2,2);(3,3);(4,1);(5,3);(6,2);(7,3);(8,4);(9,2);(10,4);(11,2);(12,2);(13,4);(14,4);(15,2);(16,3);(17,1);(18,1);(19,2);(20,6);(21,3);(22,2);(23,2);(24,2);(25,2);(26,2);(27,1);(28,3);(29,3);(30,2);(31,2);(32,1);(33,3);(34,1);(35,1);(36,4);(37,4);(38,2);(39,2);(40,5);(41,1);(42,1);(43,1);(44,2);(45,3);(46,4);(47,3);(48,1);(49,4);(50,3);
2030;7;7;6;10;4;9;18;4;17;829;18;(1,3);(2,2);(3,3);(4,1);(5,3);(6,2);(7,3);(8,4);(9,2);(10,4);(11,2);(12,2);(13,4);(14,4);(15,2);(16,3);(17,1);(18,1);(19,2);(20,6);(21,3);(22,2);(23,2);(24,2);(25,2);(26,2);(27,1);(28,3);(29,3);(30,2);(31,2);(32,1);(33,3);(34,1);(35,1);(36,4);(37,4);(38,2);(39,2);(40,5);(41,1);(42,1);(43,1);(44,2);(45,3);(46,4);(47,3);(48,1);(49,4);(50,3);
2040;5;9;5;10;5;10;18;3;17;832;18;(1,3);(2,2);(3,3);(4,1);(5,3);(6,2);(7,3);(8,4);(9,2);(10,4);(11,2);(12,2);(13,4);(14,4);(15,2);(16,3);(17,1);(18,1);(19,2);(20,6);(21,3);(22,2);(23,3);(24,2);(25,2);(26,2);(27,1);(28,3);(29,3);(30,2);(31,2);(32,1);(33,3);(34,1);(35,1);(36,4);(37,4);(38,2);(39,2);(40,5);(41,1);(42,1);(43,1);(44,2);(45,3);(46,4);(47,3);(48,1);(49,4);(50,3);
2050;5;8;5;11;5;10;18;3;17;836;18;(1,3);(2,2);(3,3);(4,1);(5,3);(6,2);(7,3);(8,4);(9,2);(10,4);(11,3);(12,2);(13,4);(14,4);(15,2);(16,3);(17,1);(18,1);(19,2);(20,6);(21,3);(22,2);(23,3);(24,2);(25,2);(26,2);(27,1);(28,3);(29,3);(30,2);(31,2);(32,1);(33,3);(34,1);(35,1);(36,4);(37,4);(38,2);(39,2);(40,5);(41,1);(42,1);(43,1);(44,2);(45,3);(46,4);(47,3);(48,1);(49,4);(50,3);
2060;5;8;5;10;6;10;17;4;17;840;18;(1,3);(2,2);(3,3);(4,1);(5,3);(6,2);(7,3);(8,4);(9,2);(10,4);(11,3);(12,2);(13,4);(14,4);(15,2);(16,3);(17,1);(18,1);(19,2);(20,6);(21,3);(22,2);(23,3);(24,2);(25,2);(26,2);(27,1);(28,3);(29,3);(30,2);(31,2);(32,1);(33,3);(34,1);(35,1);(36,4);(37,4);(38,2);(39,2);(40,5);(41,1);(42,1);(43,1);(44,2);(45,3);(46,4);(47,3);(48,1);(49,4);(50,3);
2070;5;8;5;11;5;10;17;4;16;844;19;(1,3);(2,2);(3,3);(4,1);(5,3);(6,2);(7,3);(8,4);(9,2);(10,4);(11,3);(12,2);(13,4);(14,4);(15,2);(16,3);(17,1);(18,1);(19,2);(20,6);(21,3);(22,2);(23,3);(24,2);(25,2);(26,2);(27,1);(28,3);(29,3);(30,2);(31,2);(32,1);(33,3);(34,1);(35,1);(36,4);(37,4);(38,2);(39,2);(40,5);(41,1);(42,1);(43,1);(44,2);(45,3);(46,4);(47,3);(48,1);(49,4);(50,3);
2080;5;8;5;10;6;10;17;4;16;848;19;(1,3);(2,2);(3,3);(4,1);(5,3);(6,2);(7,3);(8,4);(9,2);(10,4);(11,3);(12,2);(13,4);(14,4);(15,2);(16,3);(17,1);(18,1);(19,2);(20,6);(21,3);(22,2);(23,3);(24,2);(25,2);(26,2);(27,1);(28,3);(29,3);(30,2);(31,2);(32,1);(33,3);(34,1);(35,1);(36,4);(37,4);(38,2);(39,2);(40,5);(41,1);(42,1);(43,1);(44,2);(45,3);(46,4);(47,3);(48,1);(49,4);(50,3);
2090;5;8;5;11;5;10;17;4;16;853;19;(1,3);(2,2);(3,3);(4,1);(5,3);(6,2);(7,3);(8,4);(9,2);(10,4);(11,3);(12,2);(13,4);(14,4);(15,2);(16,3);(17,1);(18,1);(19,2);(20,6);(21,3);(22,2);(23,3);(24,2);(25,2);(26,2);(27,1);(28,3);(29,3);(30,2);(31,2);(32,1);(33,3);(34,1);(35,1);(36,4);(37,4);(38,2);(39,2);(40,5);(41,1);(42,1);(43,1);(44,2);(45,3);(46,4);(47,3);(48,1);(49,4);(50,3);
2100;5;7;5;9;7;9;17;5;17;857;19;(1,3);(2,2);(3,3);(4,1);(5,3);(6,2);(7,3);(8,4);(9,2);(10,4);(11,3);(12,3);(13,4);(14,4);(15,2);(16,3);(17,1);(18,1);(19,2);(20,6);(21,3);(22,2);(23,3);(24,2);(25,2);(26,2);(27,1);(28,3);(29,3);(30,2);(31,2);(32,1);(33,3);(34,1);(35,1);(36,4);(37,4);(38,2);(39,2);(40,5);(41,1);(42,1);(43,1);(44,2);(45,3);(46,4);(47,3);(48,1);(49,4);(50,3);
2110;6;6;5;9;7;9;18;4;17;861;19;(1,3);(2,2);(3,3);(4,1);(5,3);(6,2);(7,3);(8,4);(9,2);(10,4);(11,3);(12,3);(13,4);(14,4);(15,2);(16,3);(17,1);(18,1);(19,2);(20,6);(21,3);(22,2);(23,3);(24,2);(25,2);(26,2);(27,1);(28,3);(29,3);(30,2);(31,2);(32,1);(33,3);(34,1);(35,1);(36,4);(37,4);(38,2);(39,2);(40,5);(41,1);(42,1);(43,1);(44,2);(45,3);(46,4);(47,3);(48,1);(49,4);(50,3);
2120;5;7;5;10;6;9;18;4;17;865;19;(1,3);(2,2);(3,3);(4,1);(5,3);(6,2);(7,3);(8,4);(9,2);(10,4);(11,3);(12,3);(13,4);(14,4);(15,2);(16,3);(17,1);(18,1);(19,2);(20,6);(21,3);(22,2);(23,3);(24,2);(25,2);(26,2);(27,1);(28,3);(29,3);(30,2);(31,2);(32,1);(33,3);(34,1);(35,1);(36,4);(37,4);(38,2);(39,2);(40,5);(41,1);(42,1);(43,1);(44,2);(45,3);(46,4);(47,3);(48,1);(49,4);(50,3);
2130;6;6;5;9;7;9;17;5;17;869;19;(1,3);(2,2);(3,3);(4,1);(5,3);(6,2);(7,3);(8,4);(9,2);(10,4);(11,3);(12,3);(13,4);(14,4);(15,2);(16,3);(17,1);(18,1);(19,2);(20,6);(21,3);(22,2);(23,3);(24,2);(25,2);(26,2);(27,1);(28,3);(29,3);(30,2);(31,2);(32,1);(33,3);(34,1);(35,1);(36,4);(37,4);(38,2);(39,2);(40,5);(41,1);(42,1);(43,1);(44,2);(45,3);(46,4);(47,3);(48,1);(49,4);(50,3);
2140;6;6;5;9;7;9;17;5;17;872;19;(1,3);(2,2);(3,3);(4,1);(5,3);(6,2);(7,3);(8,4);(9,2);(10,4);(11,3);(12,3);(13,4);(14,4);(15,2);(16,3);(17,1);(18,1);(19,2);(20,6);(21,3);(22,2);(23,3);(24,2);(25,2);(26,2);(27,1);(28,3);(29,3);(30,2);(31,2);(32,1);(33,3);(34,1);(35,1);(36,4);(37,4);(38,2);(39,2);(40,5);(41,1);(42,1);(43,1);(44,2);(45,3);(46,4);(47,3);(48,1);(49,4);(50,3);
2150;5;7;5;10;6;9;18;4;17;876;19;(1,3);(2,2);(3,3);(4,1);(5,3);(6,2);(7,3);(8,4);(9,2);(10,4);(11,3);(12,3);(13,4);(14,4);(15,2);(16,3);(17,1);(18,1);(19,2);(20,6);(21,3);(22,2);(23,3);(24,2);(25,2);(26,2);(27,1);(28,3);(29,3);(30,2);(31,2);(32,1);(33,3);(34,1);(35,1);(36,4);(37,4);(38,2);(39,2);(40,5);(41,1);(42,1);(43,1);(44,2);(45,3);(46,4);(47,3);(48,1);(49,4);(50,3);
2160;5;7;5;9;7;9;17;5;17;880;19;(1,3);(2,2);(3,3);(4,1);(5,3);(6,2);(7,3);(8,4);(9,2);(10,4);(11,3);(12,3);(13,4);(14,4);(15,2);(16,3);(17,1);(18,1);(19,2);(20,6);(21,3);(22,2);(23,3);(24,2);(25,2);(26,2);(27,1);(28,3);(29,3);(30,2);(31,2);(32,1);(33,3);(34,1);(35,1);(36,4);(37,4);(38,2);(39,2);(40,5);(41,1);(42,1);(43,1);(44,2);(45,3);(46,4);(47,3);(48,1);(49,4);(50,3);
2170;6;6;5;10;6;9;18;4;17;884;19;(1,3);(2,2);(3,3);(4,1);(5,3);(6,2);(7,3);(8,4);(9,2);(10,4);(11,3);(12,3);(13,4);(14,4);(15,2);(16,3);(17,1);(18,1);(19,2);(20,6);(21,3);(22,2);(23,3);(24,2);(25,2);(26,2);(27,1);(28,3);(29,3);(30,2);(31,2);(32,1);(33,3);(34,1);(35,1);(36,4);(37,4);(38,2);(39,2);(40,5);(41,1);(42,1);(43,1);(44,2);(45,3);(46,4);(47,3);(48,1);(49,4);(50,3);
2180;6;6;5;9;7;9;18;4;17;888;19;(1,3);(2,2);(3,3);(4,1);(5,3);(6,2);(7,3);(8,4);(9,2);(10,4);(11,3);(12,3);(13,4);(14,4);(15,2);(16,3);(17,1);(18,1);(19,2);(20,6);(21,3);(22,2);(23,3);(24,2);(25,2);(26,2);(27,1);(28,3);(29,3);(30,2);(31,2);(32,1);(33,3);(34,1);(35,1);(36,4);(37,4);(38,2);(39,2);(40,5);(41,1);(42,1);(43,1);(44,2);(45,3);(46,4);(47,3);(48,1);(49,4);(50,3);
2190;6;6;5;9;7;9;18;4;17;891;19;(1,3);(2,2);(3,3);(4,1);(5,3);(6,2);(7,3);(8,4);(9,2);(10,4);(11,3);(12,3);(13,4);(14,4);(15,2);(16,3);(17,1);(18,1);(19,2);(20,6);(21,3);(22,2);(23,3);(24,2);(25,2);(26,2);(27,1);(28,3);(29,3);(30,2);(31,2);(32,1);(33,3);(34,1);(35,1);(36,4);(37,4);(38,2);(39,2);(40,5);(41,1);(42,1);(43,1);(44,2);(45,3);(46,4);(47,3);(48,1);(49,4);(50,3);
2200;5;7;5;9;7;9;17;5;17;895;19;(1,3);(2,2);(3,3);(4,1);(5,3);(6,2);(7,3);(8,4);(9,2);(10,4);(11,3);(12,3);(13,4);(14,4);(15,2);(16,3);(17,1);(18,1);(19,2);(20,6);(21,3);(22,2);(23,3);(24,2);(25,2);(26,2);(27,1);(28,3);(29,3);(30,2);(31,2);(32,1);(33,3);(34,1);(35,1);(36,4);(37,4);(38,2);(39,2);(40,5);(41,1);(42,1);(43,1);(44,2);(45,3);(46,4);(47,3);(48,1);(49,4);(50,3);
