10;50;0;30;0;0;0;0;0;0;5;0;(1,0);(2,0);(3,0);(4,0);(5,0);(6,0);(7,0);(8,0);(9,0);(10,0);(11,0);(12,0);(13,0);(14,0);(15,0);(16,0);(17,0);(18,0);(19,0);(20,0);(21,0);(22,0);(23,0);(24,0);(25,0);(26,0);(27,0);(28,0);(29,0);(30,0);(31,0);(32,0);(33,0);(34,0);(35,0);(36,0);(37,0);(38,0);(39,0);(40,0);(41,0);(42,0);(43,0);(44,0);(45,0);(46,0);(47,0);(48,0);(49,0);(50,0);
20;50;0;30;0;0;0;0;0;0;10;0;(1,0);(2,0);(3,0);(4,0);(5,0);(6,0);(7,0);(8,0);(9,0);(10,0);(11,0);(12,0);(13,0);(14,0);(15,0);(16,0);(17,0);(18,0);(19,0);(20,0);(21,0);(22,0);(23,0);(24,0);(25,0);(26,0);(27,0);(28,0);(29,0);(30,0);(31,0);(32,0);(33,0);(34,0);(35,0);(36,0);(37,0);(38,0);(39,0);(40,0);(41,0);(42,0);(43,0);(44,0);(45,0);(46,0);(47,0);(48,0);(49,0);(50,0);
30;50;0;30;0;0;0;0;0;0;15;0;(1,0);(2,0);(3,0);(4,0);(5,0);(6,0);(7,0);(8,0);(9,0);(10,0);(11,0);(12,0);(13,0);(14,0);(15,0);(16,0);(17,0);(18,0);(19,0);(20,0);(21,0);(22,0);(23,0);(24,0);(25,0);(26,0);(27,0);(28,0);(29,0);(30,0);(31,0);(32,0);(33,0);(34,0);(35,0);(36,0);(37,0);(38,0);(39,0);(40,0);(41,0);(42,0);(43,0);(44,0);(45,0);(46,0);(47,0);(48,0);(49,0);(50,0);
40;50;0;30;0;0;0;0;0;0;20;0;(1,0);(2,0);(3,0);(4,0);(5,0);(6,0);(7,0);(8,0);(9,0);(10,0);(11,0);(12,0);(13,0);(14,0);(15,0);(16,0);(17,0);(18,0);(19,0);(20,0);(21,0);(22,0);(23,0);(24,0);(25,0);(26,0);(27,0);(28,0);(29,0);(30,0);(31,0);(32,0);(33,0);(34,0);(35,0);(36,0);(37,0);(38,0);(39,0);(40,0);(41,0);(42,0);(43,0);(44,0);(45,0);(46,0);(47,0);(48,0);(49,0);(50,0);
50;50;0;30;0;0;0;0;0;0;24;0;(1,0);(2,0);(3,0);(4,0);(5,0);(6,0);(7,0);(8,0);(9,0);(10,0);(11,0);(12,0);(13,0);(14,0);(15,0);(16,0);(17,0);(18,0);(19,0);(20,0);(21,0);(22,0);(23,0);(24,0);(25,0);(26,0);(27,0);(28,0);(29,0);(30,0);(31,0);(32,0);(33,0);(34,0);(35,0);(36,0);(37,0);(38,0);(39,0);(40,0);(41,0);(42,0);(43,0);(44,0);(45,0);(46,0);(47,0);(48,0);(49,0);(50,0);
60;50;0;30;0;0;0;0;0;0;30;0;(1,0);(2,0);(3,0);(4,0);(5,0);(6,0);(7,0);(8,0);(9,0);(10,0);(11,0);(12,0);(13,0);(14,0);(15,0);(16,0);(17,0);(18,0);(19,0);(20,0);(21,0);(22,0);(23,0);(24,0);(25,0);(26,0);(27,0);(28,0);(29,0);(30,0);(31,0);(32,0);(33,0);(34,0);(35,0);(36,0);(37,0);(38,0);(39,0);(40,0);(41,0);(42,0);(43,0);(44,0);(45,0);(46,0);(47,0);(48,0);(49,0);(50,0);
70;50;0;30;0;0;0;0;0;0;34;0;(1,0);(2,0);(3,0);(4,0);(5,0);(6,0);(7,0);(8,0);(9,0);(10,0);(11,0);(12,0);(13,0);(14,0);(15,0);(16,0);(17,0);(18,0);(19,0);(20,0);(21,0);(22,0);(23,0);(24,0);(25,0);(26,0);(27,0);(28,0);(29,0);(30,0);(31,0);(32,0);(33,0);(34,0);(35,0);(36,0);(37,0);(38,0);(39,0);(40,0);(41,0);(42,0);(43,0);(44,0);(45,0);(46,0);(47,0);(48,0);(49,0);(50,0);
80;50;0;30;0;0;0;0;0;0;39;0;(1,0);(2,0);(3,0);(4,0);(5,0);(6,0);(7,0);(8,0);(9,0);(10,0);(11,0);(12,0);(13,0);(14,0);(15,0);(16,0);(17,0);(18,0);(19,0);(20,0);(21,0);(22,0);(23,0);(24,0);(25,0);(26,0);(27,0);(28,0);(29,0);(30,0);(31,0);(32,0);(33,0);(34,0);(35,0);(36,0);(37,0);(38,0);(39,0);(40,0);(41,0);(42,0);(43,0);(44,0);(45,0);(46,0);(47,0);(48,0);(49,0);(50,0);
90;50;0;30;0;0;0;0;0;0;43;0;(1,0);(2,0);(3,0);(4,0);(5,0);(6,0);(7,0);(8,0);(9,0);(10,0);(11,0);(12,0);(13,0);(14,0);(15,0);(16,0);(17,0);(18,0);(19,0);(20,0);(21,0);(22,0);(23,0);(24,0);(25,0);(26,0);(27,0);(28,0);(29,0);(30,0);(31,0);(32,0);(33,0);(34,0);(35,0);(36,0);(37,0);(38,0);(39,0);(40,0);(41,0);(42,0);(43,0);(44,0);(45,0);(46,0);(47,0);(48,0);(49,0);(50,0);
100;50;0;30;0;0;0;0;0;0;48;0;(1,0);(2,0);(3,0);(4,0);(5,0);(6,0);(7,0);(8,0);(9,0);(10,0);(11,0);(12,0);(13,0);(14,0);(15,0);(16,0);(17,0);(18,0);(19,0);(20,0);(21,0);(22,0);(23,0);(24,0);(25,0);(26,0);(27,0);(28,0);(29,0);(30,0);(31,0);(32,0);(33,0);(34,0);(35,0);(36,0);(37,0);(38,0);(39,0);(40,0);(41,0);(42,0);(43,0);(44,0);(45,0);(46,0);(47,0);(48,0);(49,0);(50,0);
110;50;0;30;0;0;0;0;0;0;52;0;(1,0);(2,0);(3,0);(4,0);(5,0);(6,0);(7,0);(8,0);(9,0);(10,0);(11,0);(12,0);(13,0);(14,0);(15,0);(16,0);(17,0);(18,0);(19,0);(20,0);(21,0);(22,0);(23,0);(24,0);(25,0);(26,0);(27,0);(28,0);(29,0);(30,0);(31,0);(32,0);(33,0);(34,0);(35,0);(36,0);(37,0);(38,0);(39,0);(40,0);(41,0);(42,0);(43,0);(44,0);(45,0);(46,0);(47,0);(48,0);(49,0);(50,0);
120;50;0;29;0;0;1;0;0;0;56;0;(1,0);(2,0);(3,0);(4,0);(5,0);(6,0);(7,0);(8,0);(9,0);(10,0);(11,0);(12,0);(13,0);(14,0);(15,0);(16,0);(17,0);(18,0);(19,0);(20,0);(21,0);(22,0);(23,0);(24,0);(25,0);(26,0);(27,0);(28,0);(29,0);(30,0);(31,0);(32,0);(33,0);(34,0);(35,0);(36,0);(37,0);(38,0);(39,0);(40,0);(41,0);(42,0);(43,0);(44,0);(45,0);(46,0);(47,0);(48,0);(49,0);(50,0);
130;50;0;29;0;0;1;0;0;0;60;0;(1,0);(2,0);(3,0);(4,0);(5,0);(6,0);(7,0);(8,0);(9,0);(10,0);(11,0);(12,0);(13,0);(14,0);(15,0);(16,0);(17,0);(18,0);(19,0);(20,0);(21,0);(22,0);(23,0);(24,0);(25,0);(26,0);(27,0);(28,0);(29,0);(30,0);(31,0);(32,0);(33,0);(34,0);(35,0);(36,0);(37,0);(38,0);(39,0);(40,0);(41,0);(42,0);(43,0);(44,0);(45,0);(46,0);(47,0);(48,0);(49,0);(50,0);
140;50;0;29;0;0;1;0;0;0;65;0;(1,0);(2,0);(3,0);(4,0);(5,0);(6,0);(7,0);(8,0);(9,0);(10,0);(11,0);(12,0);(13,0);(14,0);(15,0);(16,0);(17,0);(18,0);(19,0);(20,0);(21,0);(22,0);(23,0);(24,0);(25,0);(26,0);(27,0);(28,0);(29,0);(30,0);(31,0);(32,0);(33,0);(34,0);(35,0);(36,0);(37,0);(38,0);(39,0);(40,0);(41,0);(42,0);(43,0);(44,0);(45,0);(46,0);(47,0);(48,0);(49,0);(50,0);
150;50;0;29;0;0;1;0;0;0;70;0;(1,0);(2,0);(3,0);(4,0);(5,0);(6,0);(7,0);(8,0);(9,0);(10,0);(11,0);(12,0);(13,0);(14,0);(15,0);(16,0);(17,0);(18,0);(19,0);(20,0);(21,0);(22,0);(23,0);(24,0);(25,0);(26,0);(27,0);(28,0);(29,0);(30,0);(31,0);(32,0);(33,0);(34,0);(35,0);(36,0);(37,0);(38,0);(39,0);(40,0);(41,0);(42,0);(43,0);(44,0);(45,0);(46,0);(47,0);(48,0);(49,0);(50,0);
160;50;0;29;0;0;1;0;0;0;75;0;(1,0);(2,0);(3,0);(4,0);(5,0);(6,0);(7,0);(8,0);(9,0);(10,0);(11,0);(12,0);(13,0);(14,0);(15,0);(16,0);(17,0);(18,0);(19,0);(20,0);(21,0);(22,0);(23,0);(24,0);(25,0);(26,0);(27,0);(28,0);(29,0);(30,0);(31,0);(32,0);(33,0);(34,0);(35,0);(36,0);(37,0);(38,0);(39,0);(40,0);(41,0);(42,0);(43,0);(44,0);(45,0);(46,0);(47,0);(48,0);(49,0);(50,0);
170;50;0;29;0;0;1;0;0;0;79;0;(1,0);(2,0);(3,0);(4,0);(5,0);(6,0);(7,0);(8,0);(9,0);(10,0);(11,0);(12,0);(13,0);(14,0);(15,0);(16,0);(17,0);(18,0);(19,0);(20,0);(21,0);(22,0);(23,0);(24,0);(25,0);(26,0);(27,0);(28,0);(29,0);(30,0);(31,0);(32,0);(33,0);(34,0);(35,0);(36,0);(37,0);(38,0);(39,0);(40,0);(41,0);(42,0);(43,0);(44,0);(45,0);(46,0);(47,0);(48,0);(49,0);(50,0);
180;50;0;27;0;0;3;0;0;0;84;0;(1,0);(2,0);(3,0);(4,0);(5,0);(6,0);(7,0);(8,0);(9,0);(10,0);(11,0);(12,0);(13,0);(14,0);(15,0);(16,0);(17,0);(18,0);(19,0);(20,0);(21,0);(22,0);(23,0);(24,0);(25,0);(26,0);(27,0);(28,0);(29,0);(30,0);(31,0);(32,0);(33,0);(34,0);(35,0);(36,0);(37,0);(38,0);(39,0);(40,0);(41,0);(42,0);(43,0);(44,0);(45,0);(46,0);(47,0);(48,0);(49,0);(50,0);
190;50;0;25;0;0;5;0;0;0;88;0;(1,0);(2,0);(3,0);(4,0);(5,0);(6,0);(7,0);(8,0);(9,0);(10,0);(11,0);(12,0);(13,0);(14,0);(15,0);(16,0);(17,0);(18,0);(19,0);(20,0);(21,0);(22,0);(23,0);(24,0);(25,0);(26,0);(27,0);(28,0);(29,0);(30,0);(31,0);(32,0);(33,0);(34,0);(35,0);(36,0);(37,0);(38,0);(39,0);(40,0);(41,0);(42,0);(43,0);(44,0);(45,0);(46,0);(47,0);(48,0);(49,0);(50,0);
200;50;0;24;0;0;6;0;0;0;93;0;(1,0);(2,0);(3,0);(4,0);(5,0);(6,0);(7,0);(8,0);(9,0);(10,0);(11,0);(12,0);(13,0);(14,0);(15,0);(16,0);(17,0);(18,0);(19,0);(20,0);(21,0);(22,0);(23,0);(24,0);(25,0);(26,0);(27,0);(28,0);(29,0);(30,0);(31,0);(32,0);(33,0);(34,0);(35,0);(36,0);(37,0);(38,0);(39,0);(40,0);(41,0);(42,0);(43,0);(44,0);(45,0);(46,0);(47,0);(48,0);(49,0);(50,0);
210;50;0;23;0;0;7;0;0;0;98;0;(1,0);(2,0);(3,0);(4,0);(5,0);(6,0);(7,0);(8,0);(9,0);(10,0);(11,0);(12,0);(13,0);(14,0);(15,0);(16,0);(17,0);(18,0);(19,0);(20,0);(21,0);(22,0);(23,0);(24,0);(25,0);(26,0);(27,0);(28,0);(29,0);(30,0);(31,0);(32,0);(33,0);(34,0);(35,0);(36,0);(37,0);(38,0);(39,0);(40,0);(41,0);(42,0);(43,0);(44,0);(45,0);(46,0);(47,0);(48,0);(49,0);(50,0);
220;50;0;21;0;0;9;0;0;0;103;0;(1,0);(2,0);(3,0);(4,0);(5,0);(6,0);(7,0);(8,0);(9,0);(10,0);(11,0);(12,0);(13,0);(14,0);(15,0);(16,0);(17,0);(18,0);(19,0);(20,0);(21,0);(22,0);(23,0);(24,0);(25,0);(26,0);(27,0);(28,0);(29,0);(30,0);(31,0);(32,0);(33,0);(34,0);(35,0);(36,0);(37,0);(38,0);(39,0);(40,0);(41,0);(42,0);(43,0);(44,0);(45,0);(46,0);(47,0);(48,0);(49,0);(50,0);
230;50;0;20;0;0;10;0;0;0;108;0;(1,0);(2,0);(3,0);(4,0);(5,0);(6,0);(7,0);(8,0);(9,0);(10,0);(11,0);(12,0);(13,0);(14,0);(15,0);(16,0);(17,0);(18,0);(19,0);(20,0);(21,0);(22,0);(23,0);(24,0);(25,0);(26,0);(27,0);(28,0);(29,0);(30,0);(31,0);(32,0);(33,0);(34,0);(35,0);(36,0);(37,0);(38,0);(39,0);(40,0);(41,0);(42,0);(43,0);(44,0);(45,0);(46,0);(47,0);(48,0);(49,0);(50,0);
240;50;0;16;0;0;14;0;0;0;113;0;(1,0);(2,0);(3,0);(4,0);(5,0);(6,0);(7,0);(8,0);(9,0);(10,0);(11,0);(12,0);(13,0);(14,0);(15,0);(16,0);(17,0);(18,0);(19,0);(20,0);(21,0);(22,0);(23,0);(24,0);(25,0);(26,0);(27,0);(28,0);(29,0);(30,0);(31,0);(32,0);(33,0);(34,0);(35,0);(36,0);(37,0);(38,0);(39,0);(40,0);(41,0);(42,0);(43,0);(44,0);(45,0);(46,0);(47,0);(48,0);(49,0);(50,0);
250;40;0;14;10;0;16;0;0;0;117;0;(1,0);(2,0);(3,0);(4,0);(5,1);(6,0);(7,0);(8,0);(9,0);(10,0);(11,1);(12,0);(13,0);(14,0);(15,1);(16,0);(17,1);(18,1);(19,0);(20,0);(21,0);(22,0);(23,0);(24,0);(25,0);(26,0);(27,0);(28,1);(29,0);(30,0);(31,1);(32,0);(33,0);(34,0);(35,1);(36,0);(37,1);(38,0);(39,0);(40,0);(41,0);(42,0);(43,0);(44,0);(45,0);(46,1);(47,0);(48,0);(49,0);(50,0);
260;39;0;12;11;0;18;0;0;0;123;0;(1,0);(2,0);(3,0);(4,0);(5,1);(6,0);(7,0);(8,0);(9,0);(10,0);(11,1);(12,0);(13,0);(14,0);(15,1);(16,0);(17,1);(18,1);(19,0);(20,0);(21,0);(22,0);(23,0);(24,0);(25,0);(26,0);(27,0);(28,1);(29,0);(30,0);(31,1);(32,1);(33,0);(34,0);(35,1);(36,0);(37,1);(38,0);(39,0);(40,0);(41,0);(42,0);(43,0);(44,0);(45,0);(46,1);(47,0);(48,0);(49,0);(50,0);
270;35;0;9;15;0;21;0;0;0;128;0;(1,0);(2,0);(3,0);(4,0);(5,1);(6,0);(7,0);(8,0);(9,0);(10,0);(11,1);(12,0);(13,1);(14,0);(15,1);(16,0);(17,1);(18,1);(19,0);(20,0);(21,0);(22,0);(23,1);(24,0);(25,0);(26,0);(27,0);(28,1);(29,0);(30,0);(31,1);(32,1);(33,0);(34,0);(35,1);(36,0);(37,1);(38,0);(39,1);(40,0);(41,0);(42,1);(43,0);(44,0);(45,0);(46,1);(47,0);(48,0);(49,0);(50,0);
280;29;0;3;21;0;27;0;0;0;134;0;(1,0);(2,0);(3,0);(4,0);(5,1);(6,0);(7,1);(8,0);(9,0);(10,0);(11,1);(12,0);(13,1);(14,0);(15,1);(16,0);(17,1);(18,1);(19,1);(20,1);(21,0);(22,0);(23,1);(24,0);(25,0);(26,0);(27,0);(28,1);(29,0);(30,1);(31,1);(32,1);(33,1);(34,0);(35,1);(36,1);(37,1);(38,0);(39,1);(40,0);(41,0);(42,1);(43,0);(44,0);(45,0);(46,1);(47,0);(48,0);(49,0);(50,0);
290;25;0;-1;25;0;31;0;0;0;139;0;(1,0);(2,0);(3,0);(4,0);(5,1);(6,0);(7,1);(8,0);(9,0);(10,0);(11,1);(12,0);(13,1);(14,0);(15,1);(16,0);(17,1);(18,1);(19,1);(20,1);(21,0);(22,0);(23,1);(24,0);(25,0);(26,0);(27,0);(28,1);(29,0);(30,1);(31,1);(32,1);(33,1);(34,0);(35,1);(36,1);(37,1);(38,1);(39,1);(40,0);(41,1);(42,1);(43,1);(44,0);(45,1);(46,1);(47,0);(48,0);(49,0);(50,0);
300;24;0;-2;26;0;32;0;0;0;144;0;(1,0);(2,0);(3,0);(4,0);(5,1);(6,0);(7,1);(8,0);(9,0);(10,0);(11,1);(12,0);(13,1);(14,0);(15,1);(16,0);(17,1);(18,1);(19,1);(20,1);(21,0);(22,0);(23,1);(24,0);(25,0);(26,0);(27,0);(28,1);(29,0);(30,1);(31,1);(32,1);(33,1);(34,0);(35,1);(36,1);(37,1);(38,1);(39,1);(40,0);(41,1);(42,1);(43,1);(44,0);(45,1);(46,1);(47,0);(48,1);(49,0);(50,0);
310;24;0;-2;26;0;32;0;0;0;149;0;(1,0);(2,0);(3,0);(4,0);(5,1);(6,0);(7,1);(8,0);(9,0);(10,0);(11,1);(12,0);(13,1);(14,0);(15,1);(16,0);(17,1);(18,1);(19,1);(20,1);(21,0);(22,0);(23,1);(24,0);(25,0);(26,0);(27,0);(28,1);(29,0);(30,1);(31,1);(32,1);(33,1);(34,0);(35,1);(36,1);(37,1);(38,1);(39,1);(40,0);(41,1);(42,1);(43,1);(44,0);(45,1);(46,1);(47,0);(48,1);(49,0);(50,0);
320;24;0;-2;26;0;32;0;0;0;154;0;(1,0);(2,0);(3,0);(4,0);(5,1);(6,0);(7,1);(8,0);(9,0);(10,0);(11,1);(12,0);(13,1);(14,0);(15,1);(16,0);(17,1);(18,1);(19,1);(20,1);(21,0);(22,0);(23,1);(24,0);(25,0);(26,0);(27,0);(28,1);(29,0);(30,1);(31,1);(32,1);(33,1);(34,0);(35,1);(36,1);(37,1);(38,1);(39,1);(40,0);(41,1);(42,1);(43,1);(44,0);(45,1);(46,1);(47,0);(48,1);(49,0);(50,0);
330;20;0;-6;30;0;36;0;0;0;158;0;(1,0);(2,0);(3,0);(4,0);(5,1);(6,0);(7,1);(8,0);(9,0);(10,0);(11,1);(12,0);(13,1);(14,1);(15,1);(16,0);(17,1);(18,1);(19,1);(20,1);(21,0);(22,0);(23,1);(24,0);(25,1);(26,0);(27,0);(28,1);(29,0);(30,1);(31,1);(32,1);(33,1);(34,0);(35,1);(36,1);(37,1);(38,1);(39,1);(40,0);(41,1);(42,1);(43,1);(44,1);(45,1);(46,1);(47,0);(48,1);(49,1);(50,0);
340;20;0;-6;30;0;36;0;0;0;163;0;(1,0);(2,0);(3,0);(4,0);(5,1);(6,0);(7,1);(8,0);(9,0);(10,0);(11,1);(12,0);(13,1);(14,1);(15,1);(16,0);(17,1);(18,1);(19,1);(20,1);(21,0);(22,0);(23,1);(24,0);(25,1);(26,0);(27,0);(28,1);(29,0);(30,1);(31,1);(32,1);(33,1);(34,0);(35,1);(36,1);(37,1);(38,1);(39,1);(40,0);(41,1);(42,1);(43,1);(44,1);(45,1);(46,1);(47,0);(48,1);(49,1);(50,0);
350;20;0;-6;30;0;36;0;0;0;168;0;(1,0);(2,0);(3,0);(4,0);(5,1);(6,0);(7,1);(8,0);(9,0);(10,0);(11,1);(12,0);(13,1);(14,1);(15,1);(16,0);(17,1);(18,1);(19,1);(20,1);(21,0);(22,0);(23,1);(24,0);(25,1);(26,0);(27,0);(28,1);(29,0);(30,1);(31,1);(32,1);(33,1);(34,0);(35,1);(36,1);(37,1);(38,1);(39,1);(40,0);(41,1);(42,1);(43,1);(44,1);(45,1);(46,1);(47,0);(48,1);(49,1);(50,0);
360;20;0;-6;30;0;36;0;0;0;173;0;(1,0);(2,0);(3,0);(4,0);(5,1);(6,0);(7,1);(8,0);(9,0);(10,0);(11,1);(12,0);(13,1);(14,1);(15,1);(16,0);(17,1);(18,1);(19,1);(20,1);(21,0);(22,0);(23,1);(24,0);(25,1);(26,0);(27,0);(28,1);(29,0);(30,1);(31,1);(32,1);(33,1);(34,0);(35,1);(36,1);(37,1);(38,1);(39,1);(40,0);(41,1);(42,1);(43,1);(44,1);(45,1);(46,1);(47,0);(48,1);(49,1);(50,0);
370;18;0;-9;32;0;39;0;0;0;177;0;(1,0);(2,0);(3,0);(4,0);(5,1);(6,0);(7,1);(8,1);(9,0);(10,0);(11,1);(12,0);(13,1);(14,1);(15,1);(16,0);(17,1);(18,1);(19,1);(20,1);(21,0);(22,0);(23,1);(24,0);(25,1);(26,0);(27,0);(28,1);(29,0);(30,1);(31,1);(32,1);(33,1);(34,0);(35,1);(36,1);(37,1);(38,1);(39,1);(40,0);(41,1);(42,1);(43,1);(44,1);(45,1);(46,1);(47,0);(48,1);(49,1);(50,1);
380;16;0;-10;34;0;40;0;0;0;182;0;(1,0);(2,0);(3,0);(4,0);(5,1);(6,0);(7,1);(8,1);(9,0);(10,1);(11,1);(12,0);(13,1);(14,1);(15,1);(16,0);(17,1);(18,1);(19,1);(20,1);(21,0);(22,0);(23,1);(24,0);(25,1);(26,0);(27,0);(28,1);(29,0);(30,1);(31,1);(32,1);(33,1);(34,1);(35,1);(36,1);(37,1);(38,1);(39,1);(40,0);(41,1);(42,1);(43,1);(44,1);(45,1);(46,1);(47,0);(48,1);(49,1);(50,1);
390;15;0;-11;35;0;41;0;0;0;187;0;(1,0);(2,0);(3,0);(4,0);(5,1);(6,0);(7,1);(8,1);(9,0);(10,1);(11,1);(12,0);(13,1);(14,1);(15,1);(16,0);(17,1);(18,1);(19,1);(20,1);(21,1);(22,0);(23,1);(24,0);(25,1);(26,0);(27,0);(28,1);(29,0);(30,1);(31,1);(32,1);(33,1);(34,1);(35,1);(36,1);(37,1);(38,1);(39,1);(40,0);(41,1);(42,1);(43,1);(44,1);(45,1);(46,1);(47,0);(48,1);(49,1);(50,1);
400;14;0;-12;36;0;42;0;0;0;191;0;(1,0);(2,0);(3,0);(4,0);(5,1);(6,0);(7,1);(8,1);(9,0);(10,1);(11,1);(12,0);(13,1);(14,1);(15,1);(16,0);(17,1);(18,1);(19,1);(20,1);(21,1);(22,0);(23,1);(24,1);(25,1);(26,0);(27,0);(28,1);(29,0);(30,1);(31,1);(32,1);(33,1);(34,1);(35,1);(36,1);(37,1);(38,1);(39,1);(40,0);(41,1);(42,1);(43,1);(44,1);(45,1);(46,1);(47,0);(48,1);(49,1);(50,1);
410;12;0;-14;38;0;44;0;0;0;196;0;(1,0);(2,0);(3,0);(4,0);(5,1);(6,0);(7,1);(8,1);(9,0);(10,1);(11,1);(12,0);(13,1);(14,1);(15,1);(16,1);(17,1);(18,1);(19,1);(20,1);(21,1);(22,0);(23,1);(24,1);(25,1);(26,1);(27,0);(28,1);(29,0);(30,1);(31,1);(32,1);(33,1);(34,1);(35,1);(36,1);(37,1);(38,1);(39,1);(40,0);(41,1);(42,1);(43,1);(44,1);(45,1);(46,1);(47,0);(48,1);(49,1);(50,1);
420;12;0;-14;38;0;44;0;0;0;200;0;(1,0);(2,0);(3,0);(4,0);(5,1);(6,0);(7,1);(8,1);(9,0);(10,1);(11,1);(12,0);(13,1);(14,1);(15,1);(16,1);(17,1);(18,1);(19,1);(20,1);(21,1);(22,0);(23,1);(24,1);(25,1);(26,1);(27,0);(28,1);(29,0);(30,1);(31,1);(32,1);(33,1);(34,1);(35,1);(36,1);(37,1);(38,1);(39,1);(40,0);(41,1);(42,1);(43,1);(44,1);(45,1);(46,1);(47,0);(48,1);(49,1);(50,1);
430;12;0;-14;38;0;44;0;0;0;205;0;(1,0);(2,0);(3,0);(4,0);(5,1);(6,0);(7,1);(8,1);(9,0);(10,1);(11,1);(12,0);(13,1);(14,1);(15,1);(16,1);(17,1);(18,1);(19,1);(20,1);(21,1);(22,0);(23,1);(24,1);(25,1);(26,1);(27,0);(28,1);(29,0);(30,1);(31,1);(32,1);(33,1);(34,1);(35,1);(36,1);(37,1);(38,1);(39,1);(40,0);(41,1);(42,1);(43,1);(44,1);(45,1);(46,1);(47,0);(48,1);(49,1);(50,1);
440;10;0;-16;40;0;46;0;0;0;210;0;(1,0);(2,0);(3,0);(4,1);(5,1);(6,1);(7,1);(8,1);(9,0);(10,1);(11,1);(12,0);(13,1);(14,1);(15,1);(16,1);(17,1);(18,1);(19,1);(20,1);(21,1);(22,0);(23,1);(24,1);(25,1);(26,1);(27,0);(28,1);(29,0);(30,1);(31,1);(32,1);(33,1);(34,1);(35,1);(36,1);(37,1);(38,1);(39,1);(40,0);(41,1);(42,1);(43,1);(44,1);(45,1);(46,1);(47,0);(48,1);(49,1);(50,1);
450;9;0;-17;41;0;47;0;0;0;214;0;(1,0);(2,0);(3,0);(4,1);(5,1);(6,1);(7,1);(8,1);(9,0);(10,1);(11,1);(12,0);(13,1);(14,1);(15,1);(16,1);(17,1);(18,1);(19,1);(20,1);(21,1);(22,0);(23,1);(24,1);(25,1);(26,1);(27,0);(28,1);(29,1);(30,1);(31,1);(32,1);(33,1);(34,1);(35,1);(36,1);(37,1);(38,1);(39,1);(40,0);(41,1);(42,1);(43,1);(44,1);(45,1);(46,1);(47,0);(48,1);(49,1);(50,1);
460;8;0;-18;42;0;48;0;0;0;219;0;(1,0);(2,0);(3,0);(4,1);(5,1);(6,1);(7,1);(8,1);(9,0);(10,1);(11,1);(12,0);(13,1);(14,1);(15,1);(16,1);(17,1);(18,1);(19,1);(20,1);(21,1);(22,0);(23,1);(24,1);(25,1);(26,1);(27,0);(28,1);(29,1);(30,1);(31,1);(32,1);(33,1);(34,1);(35,1);(36,1);(37,1);(38,1);(39,1);(40,0);(41,1);(42,1);(43,1);(44,1);(45,1);(46,1);(47,1);(48,1);(49,1);(50,1);
470;8;0;-18;42;0;48;0;0;0;224;0;(1,0);(2,0);(3,0);(4,1);(5,1);(6,1);(7,1);(8,1);(9,0);(10,1);(11,1);(12,0);(13,1);(14,1);(15,1);(16,1);(17,1);(18,1);(19,1);(20,1);(21,1);(22,0);(23,1);(24,1);(25,1);(26,1);(27,0);(28,1);(29,1);(30,1);(31,1);(32,1);(33,1);(34,1);(35,1);(36,1);(37,1);(38,1);(39,1);(40,0);(41,1);(42,1);(43,1);(44,1);(45,1);(46,1);(47,1);(48,1);(49,1);(50,1);
480;8;0;-18;42;0;48;0;0;0;228;0;(1,0);(2,0);(3,0);(4,1);(5,1);(6,1);(7,1);(8,1);(9,0);(10,1);(11,1);(12,0);(13,1);(14,1);(15,1);(16,1);(17,1);(18,1);(19,1);(20,1);(21,1);(22,0);(23,1);(24,1);(25,1);(26,1);(27,0);(28,1);(29,1);(30,1);(31,1);(32,1);(33,1);(34,1);(35,1);(36,1);(37,1);(38,1);(39,1);(40,0);(41,1);(42,1);(43,1);(44,1);(45,1);(46,1);(47,1);(48,1);(49,1);(50,1);
490;5;0;-21;45;0;51;0;0;0;232;0;(1,0);(2,0);(3,1);(4,1);(5,1);(6,1);(7,1);(8,1);(9,1);(10,1);(11,1);(12,1);(13,1);(14,1);(15,1);(16,1);(17,1);(18,1);(19,1);(20,1);(21,1);(22,0);(23,1);(24,1);(25,1);(26,1);(27,0);(28,1);(29,1);(30,1);(31,1);(32,1);(33,1);(34,1);(35,1);(36,1);(37,1);(38,1);(39,1);(40,0);(41,1);(42,1);(43,1);(44,1);(45,1);(46,1);(47,1);(48,1);(49,1);(50,1);
500;4;0;-17;46;0;52;0;0;0;237;0;(1,0);(2,1);(3,1);(4,1);(5,1);(6,1);(7,1);(8,1);(9,1);(10,1);(11,1);(12,1);(13,1);(14,1);(15,1);(16,1);(17,1);(18,1);(19,1);(20,1);(21,1);(22,0);(23,1);(24,1);(25,1);(26,1);(27,0);(28,1);(29,1);(30,1);(31,1);(32,1);(33,1);(34,1);(35,1);(36,1);(37,1);(38,1);(39,1);(40,0);(41,1);(42,1);(43,1);(44,1);(45,1);(46,1);(47,1);(48,1);(49,1);(50,1);
510;4;0;-17;46;0;52;0;0;0;241;0;(1,0);(2,1);(3,1);(4,1);(5,1);(6,1);(7,1);(8,1);(9,1);(10,1);(11,1);(12,1);(13,1);(14,1);(15,1);(16,1);(17,1);(18,1);(19,1);(20,1);(21,1);(22,0);(23,1);(24,1);(25,1);(26,1);(27,0);(28,1);(29,1);(30,1);(31,1);(32,1);(33,1);(34,1);(35,1);(36,1);(37,1);(38,1);(39,1);(40,0);(41,1);(42,1);(43,1);(44,1);(45,1);(46,1);(47,1);(48,1);(49,1);(50,1);
520;4;0;-17;46;0;52;0;0;0;246;0;(1,0);(2,1);(3,1);(4,1);(5,1);(6,1);(7,1);(8,1);(9,1);(10,1);(11,1);(12,1);(13,1);(14,1);(15,1);(16,1);(17,1);(18,1);(19,1);(20,1);(21,1);(22,0);(23,1);(24,1);(25,1);(26,1);(27,0);(28,1);(29,1);(30,1);(31,1);(32,1);(33,1);(34,1);(35,1);(36,1);(37,1);(38,1);(39,1);(40,0);(41,1);(42,1);(43,1);(44,1);(45,1);(46,1);(47,1);(48,1);(49,1);(50,1);
530;4;0;-17;46;0;52;0;0;0;251;0;(1,0);(2,1);(3,1);(4,1);(5,1);(6,1);(7,1);(8,1);(9,1);(10,1);(11,1);(12,1);(13,1);(14,1);(15,1);(16,1);(17,1);(18,1);(19,1);(20,1);(21,1);(22,0);(23,1);(24,1);(25,1);(26,1);(27,0);(28,1);(29,1);(30,1);(31,1);(32,1);(33,1);(34,1);(35,1);(36,1);(37,1);(38,1);(39,1);(40,0);(41,1);(42,1);(43,1);(44,1);(45,1);(46,1);(47,1);(48,1);(49,1);(50,1);
540;3;0;-18;47;0;53;0;0;0;256;0;(1,0);(2,1);(3,1);(4,1);(5,1);(6,1);(7,1);(8,1);(9,1);(10,1);(11,1);(12,1);(13,1);(14,1);(15,1);(16,1);(17,1);(18,1);(19,1);(20,1);(21,1);(22,1);(23,1);(24,1);(25,1);(26,1);(27,0);(28,1);(29,1);(30,1);(31,1);(32,1);(33,1);(34,1);(35,1);(36,1);(37,1);(38,1);(39,1);(40,0);(41,1);(42,1);(43,1);(44,1);(45,1);(46,1);(47,1);(48,1);(49,1);(50,1);
550;3;0;-18;47;0;53;0;0;0;261;0;(1,0);(2,1);(3,1);(4,1);(5,1);(6,1);(7,1);(8,1);(9,1);(10,1);(11,1);(12,1);(13,1);(14,1);(15,1);(16,1);(17,1);(18,1);(19,1);(20,1);(21,1);(22,1);(23,1);(24,1);(25,1);(26,1);(27,0);(28,1);(29,1);(30,1);(31,1);(32,1);(33,1);(34,1);(35,1);(36,1);(37,1);(38,1);(39,1);(40,0);(41,1);(42,1);(43,1);(44,1);(45,1);(46,1);(47,1);(48,1);(49,1);(50,1);
560;2;0;-19;48;0;54;0;0;0;266;0;(1,0);(2,1);(3,1);(4,1);(5,1);(6,1);(7,1);(8,1);(9,1);(10,1);(11,1);(12,1);(13,1);(14,1);(15,1);(16,1);(17,1);(18,1);(19,1);(20,1);(21,1);(22,1);(23,1);(24,1);(25,1);(26,1);(27,0);(28,1);(29,1);(30,1);(31,1);(32,1);(33,1);(34,1);(35,1);(36,1);(37,1);(38,1);(39,1);(40,1);(41,1);(42,1);(43,1);(44,1);(45,1);(46,1);(47,1);(48,1);(49,1);(50,1);
570;1;0;-20;49;0;54;0;0;1;270;0;(1,1);(2,1);(3,1);(4,1);(5,1);(6,1);(7,1);(8,1);(9,1);(10,1);(11,1);(12,1);(13,1);(14,1);(15,1);(16,1);(17,1);(18,1);(19,1);(20,1);(21,1);(22,1);(23,1);(24,1);(25,1);(26,1);(27,0);(28,1);(29,1);(30,1);(31,1);(32,1);(33,1);(34,1);(35,1);(36,1);(37,1);(38,1);(39,1);(40,1);(41,1);(42,1);(43,1);(44,1);(45,1);(46,1);(47,1);(48,1);(49,1);(50,1);
580;1;0;-20;49;0;54;0;0;1;275;0;(1,1);(2,1);(3,1);(4,1);(5,1);(6,1);(7,1);(8,1);(9,1);(10,1);(11,1);(12,1);(13,1);(14,1);(15,1);(16,1);(17,1);(18,1);(19,1);(20,1);(21,1);(22,1);(23,1);(24,1);(25,1);(26,1);(27,0);(28,1);(29,1);(30,1);(31,1);(32,1);(33,1);(34,1);(35,1);(36,1);(37,1);(38,1);(39,1);(40,1);(41,1);(42,1);(43,1);(44,1);(45,1);(46,1);(47,1);(48,1);(49,1);(50,1);
590;1;0;-20;49;0;51;0;0;4;280;0;(1,1);(2,1);(3,1);(4,1);(5,1);(6,1);(7,1);(8,1);(9,1);(10,1);(11,1);(12,1);(13,1);(14,1);(15,1);(16,1);(17,1);(18,1);(19,1);(20,1);(21,1);(22,1);(23,1);(24,1);(25,1);(26,1);(27,0);(28,1);(29,1);(30,1);(31,1);(32,1);(33,1);(34,1);(35,1);(36,1);(37,1);(38,1);(39,1);(40,1);(41,1);(42,1);(43,1);(44,1);(45,1);(46,1);(47,1);(48,1);(49,1);(50,1);
600;1;0;-20;49;0;48;0;0;7;284;0;(1,1);(2,1);(3,1);(4,1);(5,1);(6,1);(7,1);(8,1);(9,1);(10,1);(11,1);(12,1);(13,1);(14,1);(15,1);(16,1);(17,1);(18,1);(19,1);(20,1);(21,1);(22,1);(23,1);(24,1);(25,1);(26,1);(27,0);(28,1);(29,1);(30,1);(31,1);(32,1);(33,1);(34,1);(35,1);(36,1);(37,1);(38,1);(39,1);(40,1);(41,1);(42,1);(43,1);(44,1);(45,1);(46,1);(47,1);(48,1);(49,1);(50,1);
610;1;0;-20;49;0;48;0;0;7;289;0;(1,1);(2,1);(3,1);(4,1);(5,1);(6,1);(7,1);(8,1);(9,1);(10,1);(11,1);(12,1);(13,1);(14,1);(15,1);(16,1);(17,1);(18,1);(19,1);(20,1);(21,1);(22,1);(23,1);(24,1);(25,1);(26,1);(27,0);(28,1);(29,1);(30,1);(31,1);(32,1);(33,1);(34,1);(35,1);(36,1);(37,1);(38,1);(39,1);(40,1);(41,1);(42,1);(43,1);(44,1);(45,1);(46,1);(47,1);(48,1);(49,1);(50,1);
620;1;0;-20;49;0;46;0;0;9;294;0;(1,1);(2,1);(3,1);(4,1);(5,1);(6,1);(7,1);(8,1);(9,1);(10,1);(11,1);(12,1);(13,1);(14,1);(15,1);(16,1);(17,1);(18,1);(19,1);(20,1);(21,1);(22,1);(23,1);(24,1);(25,1);(26,1);(27,0);(28,1);(29,1);(30,1);(31,1);(32,1);(33,1);(34,1);(35,1);(36,1);(37,1);(38,1);(39,1);(40,1);(41,1);(42,1);(43,1);(44,1);(45,1);(46,1);(47,1);(48,1);(49,1);(50,1);
630;1;0;-20;49;0;46;0;0;9;299;0;(1,1);(2,1);(3,1);(4,1);(5,1);(6,1);(7,1);(8,1);(9,1);(10,1);(11,1);(12,1);(13,1);(14,1);(15,1);(16,1);(17,1);(18,1);(19,1);(20,1);(21,1);(22,1);(23,1);(24,1);(25,1);(26,1);(27,0);(28,1);(29,1);(30,1);(31,1);(32,1);(33,1);(34,1);(35,1);(36,1);(37,1);(38,1);(39,1);(40,1);(41,1);(42,1);(43,1);(44,1);(45,1);(46,1);(47,1);(48,1);(49,1);(50,1);
640;1;0;-20;49;0;45;0;0;10;304;0;(1,1);(2,1);(3,1);(4,1);(5,1);(6,1);(7,1);(8,1);(9,1);(10,1);(11,1);(12,1);(13,1);(14,1);(15,1);(16,1);(17,1);(18,1);(19,1);(20,1);(21,1);(22,1);(23,1);(24,1);(25,1);(26,1);(27,0);(28,1);(29,1);(30,1);(31,1);(32,1);(33,1);(34,1);(35,1);(36,1);(37,1);(38,1);(39,1);(40,1);(41,1);(42,1);(43,1);(44,1);(45,1);(46,1);(47,1);(48,1);(49,1);(50,1);
650;1;0;-20;49;0;45;0;0;10;309;0;(1,1);(2,1);(3,1);(4,1);(5,1);(6,1);(7,1);(8,1);(9,1);(10,1);(11,1);(12,1);(13,1);(14,1);(15,1);(16,1);(17,1);(18,1);(19,1);(20,1);(21,1);(22,1);(23,1);(24,1);(25,1);(26,1);(27,0);(28,1);(29,1);(30,1);(31,1);(32,1);(33,1);(34,1);(35,1);(36,1);(37,1);(38,1);(39,1);(40,1);(41,1);(42,1);(43,1);(44,1);(45,1);(46,1);(47,1);(48,1);(49,1);(50,1);
660;1;0;-20;49;0;45;0;0;10;314;0;(1,1);(2,1);(3,1);(4,1);(5,1);(6,1);(7,1);(8,1);(9,1);(10,1);(11,1);(12,1);(13,1);(14,1);(15,1);(16,1);(17,1);(18,1);(19,1);(20,1);(21,1);(22,1);(23,1);(24,1);(25,1);(26,1);(27,0);(28,1);(29,1);(30,1);(31,1);(32,1);(33,1);(34,1);(35,1);(36,1);(37,1);(38,1);(39,1);(40,1);(41,1);(42,1);(43,1);(44,1);(45,1);(46,1);(47,1);(48,1);(49,1);(50,1);
670;1;0;-20;49;0;44;0;0;11;318;0;(1,1);(2,1);(3,1);(4,1);(5,1);(6,1);(7,1);(8,1);(9,1);(10,1);(11,1);(12,1);(13,1);(14,1);(15,1);(16,1);(17,1);(18,1);(19,1);(20,1);(21,1);(22,1);(23,1);(24,1);(25,1);(26,1);(27,0);(28,1);(29,1);(30,1);(31,1);(32,1);(33,1);(34,1);(35,1);(36,1);(37,1);(38,1);(39,1);(40,1);(41,1);(42,1);(43,1);(44,1);(45,1);(46,1);(47,1);(48,1);(49,1);(50,1);
680;1;0;-20;49;0;44;0;0;11;323;0;(1,1);(2,1);(3,1);(4,1);(5,1);(6,1);(7,1);(8,1);(9,1);(10,1);(11,1);(12,1);(13,1);(14,1);(15,1);(16,1);(17,1);(18,1);(19,1);(20,1);(21,1);(22,1);(23,1);(24,1);(25,1);(26,1);(27,0);(28,1);(29,1);(30,1);(31,1);(32,1);(33,1);(34,1);(35,1);(36,1);(37,1);(38,1);(39,1);(40,1);(41,1);(42,1);(43,1);(44,1);(45,1);(46,1);(47,1);(48,1);(49,1);(50,1);
690;1;0;-20;49;0;44;0;0;11;328;0;(1,1);(2,1);(3,1);(4,1);(5,1);(6,1);(7,1);(8,1);(9,1);(10,1);(11,1);(12,1);(13,1);(14,1);(15,1);(16,1);(17,1);(18,1);(19,1);(20,1);(21,1);(22,1);(23,1);(24,1);(25,1);(26,1);(27,0);(28,1);(29,1);(30,1);(31,1);(32,1);(33,1);(34,1);(35,1);(36,1);(37,1);(38,1);(39,1);(40,1);(41,1);(42,1);(43,1);(44,1);(45,1);(46,1);(47,1);(48,1);(49,1);(50,1);
700;1;0;-20;49;0;41;0;0;14;332;0;(1,1);(2,1);(3,1);(4,1);(5,1);(6,1);(7,1);(8,1);(9,1);(10,1);(11,1);(12,1);(13,1);(14,1);(15,1);(16,1);(17,1);(18,1);(19,1);(20,1);(21,1);(22,1);(23,1);(24,1);(25,1);(26,1);(27,0);(28,1);(29,1);(30,1);(31,1);(32,1);(33,1);(34,1);(35,1);(36,1);(37,1);(38,1);(39,1);(40,1);(41,1);(42,1);(43,1);(44,1);(45,1);(46,1);(47,1);(48,1);(49,1);(50,1);
710;1;0;-20;49;0;41;0;0;14;337;0;(1,1);(2,1);(3,1);(4,1);(5,1);(6,1);(7,1);(8,1);(9,1);(10,1);(11,1);(12,1);(13,1);(14,1);(15,1);(16,1);(17,1);(18,1);(19,1);(20,1);(21,1);(22,1);(23,1);(24,1);(25,1);(26,1);(27,0);(28,1);(29,1);(30,1);(31,1);(32,1);(33,1);(34,1);(35,1);(36,1);(37,1);(38,1);(39,1);(40,1);(41,1);(42,1);(43,1);(44,1);(45,1);(46,1);(47,1);(48,1);(49,1);(50,1);
720;0;0;-21;50;0;41;0;0;15;342;0;(1,1);(2,1);(3,1);(4,1);(5,1);(6,1);(7,1);(8,1);(9,1);(10,1);(11,1);(12,1);(13,1);(14,1);(15,1);(16,1);(17,1);(18,1);(19,1);(20,1);(21,1);(22,1);(23,1);(24,1);(25,1);(26,1);(27,1);(28,1);(29,1);(30,1);(31,1);(32,1);(33,1);(34,1);(35,1);(36,1);(37,1);(38,1);(39,1);(40,1);(41,1);(42,1);(43,1);(44,1);(45,1);(46,1);(47,1);(48,1);(49,1);(50,1);
730;0;0;-21;50;0;41;0;0;15;346;0;(1,1);(2,1);(3,1);(4,1);(5,1);(6,1);(7,1);(8,1);(9,1);(10,1);(11,1);(12,1);(13,1);(14,1);(15,1);(16,1);(17,1);(18,1);(19,1);(20,1);(21,1);(22,1);(23,1);(24,1);(25,1);(26,1);(27,1);(28,1);(29,1);(30,1);(31,1);(32,1);(33,1);(34,1);(35,1);(36,1);(37,1);(38,1);(39,1);(40,1);(41,1);(42,1);(43,1);(44,1);(45,1);(46,1);(47,1);(48,1);(49,1);(50,1);
740;0;0;-21;50;0;41;0;0;15;352;0;(1,1);(2,1);(3,1);(4,1);(5,1);(6,1);(7,1);(8,1);(9,1);(10,1);(11,1);(12,1);(13,1);(14,1);(15,1);(16,1);(17,1);(18,1);(19,1);(20,1);(21,1);(22,1);(23,1);(24,1);(25,1);(26,1);(27,1);(28,1);(29,1);(30,1);(31,1);(32,1);(33,1);(34,1);(35,1);(36,1);(37,1);(38,1);(39,1);(40,1);(41,1);(42,1);(43,1);(44,1);(45,1);(46,1);(47,1);(48,1);(49,1);(50,1);
750;0;0;-21;50;0;40;0;0;16;357;0;(1,1);(2,1);(3,1);(4,1);(5,1);(6,1);(7,1);(8,1);(9,1);(10,1);(11,1);(12,1);(13,1);(14,1);(15,1);(16,1);(17,1);(18,1);(19,1);(20,1);(21,1);(22,1);(23,1);(24,1);(25,1);(26,1);(27,1);(28,1);(29,1);(30,1);(31,1);(32,1);(33,1);(34,1);(35,1);(36,1);(37,1);(38,1);(39,1);(40,1);(41,1);(42,1);(43,1);(44,1);(45,1);(46,1);(47,1);(48,1);(49,1);(50,1);
760;0;0;-21;50;0;40;0;0;16;362;0;(1,1);(2,1);(3,1);(4,1);(5,1);(6,1);(7,1);(8,1);(9,1);(10,1);(11,1);(12,1);(13,1);(14,1);(15,1);(16,1);(17,1);(18,1);(19,1);(20,1);(21,1);(22,1);(23,1);(24,1);(25,1);(26,1);(27,1);(28,1);(29,1);(30,1);(31,1);(32,1);(33,1);(34,1);(35,1);(36,1);(37,1);(38,1);(39,1);(40,1);(41,1);(42,1);(43,1);(44,1);(45,1);(46,1);(47,1);(48,1);(49,1);(50,1);
770;0;0;-21;50;0;39;0;0;17;367;0;(1,1);(2,1);(3,1);(4,1);(5,1);(6,1);(7,1);(8,1);(9,1);(10,1);(11,1);(12,1);(13,1);(14,1);(15,1);(16,1);(17,1);(18,1);(19,1);(20,1);(21,1);(22,1);(23,1);(24,1);(25,1);(26,1);(27,1);(28,1);(29,1);(30,1);(31,1);(32,1);(33,1);(34,1);(35,1);(36,1);(37,1);(38,1);(39,1);(40,1);(41,1);(42,1);(43,1);(44,1);(45,1);(46,1);(47,1);(48,1);(49,1);(50,1);
780;0;0;-21;50;0;38;0;0;18;371;0;(1,1);(2,1);(3,1);(4,1);(5,1);(6,1);(7,1);(8,1);(9,1);(10,1);(11,1);(12,1);(13,1);(14,1);(15,1);(16,1);(17,1);(18,1);(19,1);(20,1);(21,1);(22,1);(23,1);(24,1);(25,1);(26,1);(27,1);(28,1);(29,1);(30,1);(31,1);(32,1);(33,1);(34,1);(35,1);(36,1);(37,1);(38,1);(39,1);(40,1);(41,1);(42,1);(43,1);(44,1);(45,1);(46,1);(47,1);(48,1);(49,1);(50,1);
790;0;0;-21;50;0;38;0;0;18;376;0;(1,1);(2,1);(3,1);(4,1);(5,1);(6,1);(7,1);(8,1);(9,1);(10,1);(11,1);(12,1);(13,1);(14,1);(15,1);(16,1);(17,1);(18,1);(19,1);(20,1);(21,1);(22,1);(23,1);(24,1);(25,1);(26,1);(27,1);(28,1);(29,1);(30,1);(31,1);(32,1);(33,1);(34,1);(35,1);(36,1);(37,1);(38,1);(39,1);(40,1);(41,1);(42,1);(43,1);(44,1);(45,1);(46,1);(47,1);(48,1);(49,1);(50,1);
800;0;0;-21;50;0;37;0;0;19;380;0;(1,1);(2,1);(3,1);(4,1);(5,1);(6,1);(7,1);(8,1);(9,1);(10,1);(11,1);(12,1);(13,1);(14,1);(15,1);(16,1);(17,1);(18,1);(19,1);(20,1);(21,1);(22,1);(23,1);(24,1);(25,1);(26,1);(27,1);(28,1);(29,1);(30,1);(31,1);(32,1);(33,1);(34,1);(35,1);(36,1);(37,1);(38,1);(39,1);(40,1);(41,1);(42,1);(43,1);(44,1);(45,1);(46,1);(47,1);(48,1);(49,1);(50,1);
810;0;0;-21;50;0;37;0;0;19;384;0;(1,1);(2,1);(3,1);(4,1);(5,1);(6,1);(7,1);(8,1);(9,1);(10,1);(11,1);(12,1);(13,1);(14,1);(15,1);(16,1);(17,1);(18,1);(19,1);(20,1);(21,1);(22,1);(23,1);(24,1);(25,1);(26,1);(27,1);(28,1);(29,1);(30,1);(31,1);(32,1);(33,1);(34,1);(35,1);(36,1);(37,1);(38,1);(39,1);(40,1);(41,1);(42,1);(43,1);(44,1);(45,1);(46,1);(47,1);(48,1);(49,1);(50,1);
820;0;0;-21;50;0;37;0;0;19;389;0;(1,1);(2,1);(3,1);(4,1);(5,1);(6,1);(7,1);(8,1);(9,1);(10,1);(11,1);(12,1);(13,1);(14,1);(15,1);(16,1);(17,1);(18,1);(19,1);(20,1);(21,1);(22,1);(23,1);(24,1);(25,1);(26,1);(27,1);(28,1);(29,1);(30,1);(31,1);(32,1);(33,1);(34,1);(35,1);(36,1);(37,1);(38,1);(39,1);(40,1);(41,1);(42,1);(43,1);(44,1);(45,1);(46,1);(47,1);(48,1);(49,1);(50,1);
830;0;0;-21;50;0;36;0;0;20;394;0;(1,1);(2,1);(3,1);(4,1);(5,1);(6,1);(7,1);(8,1);(9,1);(10,1);(11,1);(12,1);(13,1);(14,1);(15,1);(16,1);(17,1);(18,1);(19,1);(20,1);(21,1);(22,1);(23,1);(24,1);(25,1);(26,1);(27,1);(28,1);(29,1);(30,1);(31,1);(32,1);(33,1);(34,1);(35,1);(36,1);(37,1);(38,1);(39,1);(40,1);(41,1);(42,1);(43,1);(44,1);(45,1);(46,1);(47,1);(48,1);(49,1);(50,1);
840;0;0;-21;50;0;35;0;0;21;398;0;(1,1);(2,1);(3,1);(4,1);(5,1);(6,1);(7,1);(8,1);(9,1);(10,1);(11,1);(12,1);(13,1);(14,1);(15,1);(16,1);(17,1);(18,1);(19,1);(20,1);(21,1);(22,1);(23,1);(24,1);(25,1);(26,1);(27,1);(28,1);(29,1);(30,1);(31,1);(32,1);(33,1);(34,1);(35,1);(36,1);(37,1);(38,1);(39,1);(40,1);(41,1);(42,1);(43,1);(44,1);(45,1);(46,1);(47,1);(48,1);(49,1);(50,1);
850;0;0;-21;50;0;34;0;0;22;402;0;(1,1);(2,1);(3,1);(4,1);(5,1);(6,1);(7,1);(8,1);(9,1);(10,1);(11,1);(12,1);(13,1);(14,1);(15,1);(16,1);(17,1);(18,1);(19,1);(20,1);(21,1);(22,1);(23,1);(24,1);(25,1);(26,1);(27,1);(28,1);(29,1);(30,1);(31,1);(32,1);(33,1);(34,1);(35,1);(36,1);(37,1);(38,1);(39,1);(40,1);(41,1);(42,1);(43,1);(44,1);(45,1);(46,1);(47,1);(48,1);(49,1);(50,1);
860;0;0;-21;50;0;34;0;0;22;407;0;(1,1);(2,1);(3,1);(4,1);(5,1);(6,1);(7,1);(8,1);(9,1);(10,1);(11,1);(12,1);(13,1);(14,1);(15,1);(16,1);(17,1);(18,1);(19,1);(20,1);(21,1);(22,1);(23,1);(24,1);(25,1);(26,1);(27,1);(28,1);(29,1);(30,1);(31,1);(32,1);(33,1);(34,1);(35,1);(36,1);(37,1);(38,1);(39,1);(40,1);(41,1);(42,1);(43,1);(44,1);(45,1);(46,1);(47,1);(48,1);(49,1);(50,1);
870;0;0;-21;50;0;34;0;0;22;412;0;(1,1);(2,1);(3,1);(4,1);(5,1);(6,1);(7,1);(8,1);(9,1);(10,1);(11,1);(12,1);(13,1);(14,1);(15,1);(16,1);(17,1);(18,1);(19,1);(20,1);(21,1);(22,1);(23,1);(24,1);(25,1);(26,1);(27,1);(28,1);(29,1);(30,1);(31,1);(32,1);(33,1);(34,1);(35,1);(36,1);(37,1);(38,1);(39,1);(40,1);(41,1);(42,1);(43,1);(44,1);(45,1);(46,1);(47,1);(48,1);(49,1);(50,1);
880;0;0;-21;50;0;33;0;0;23;417;0;(1,1);(2,1);(3,1);(4,1);(5,1);(6,1);(7,1);(8,1);(9,1);(10,1);(11,1);(12,1);(13,1);(14,1);(15,1);(16,1);(17,1);(18,1);(19,1);(20,1);(21,1);(22,1);(23,1);(24,1);(25,1);(26,1);(27,1);(28,1);(29,1);(30,1);(31,1);(32,1);(33,1);(34,1);(35,1);(36,1);(37,1);(38,1);(39,1);(40,1);(41,1);(42,1);(43,1);(44,1);(45,1);(46,1);(47,1);(48,1);(49,1);(50,1);
890;0;0;-21;50;0;33;0;0;23;421;0;(1,1);(2,1);(3,1);(4,1);(5,1);(6,1);(7,1);(8,1);(9,1);(10,1);(11,1);(12,1);(13,1);(14,1);(15,1);(16,1);(17,1);(18,1);(19,1);(20,1);(21,1);(22,1);(23,1);(24,1);(25,1);(26,1);(27,1);(28,1);(29,1);(30,1);(31,1);(32,1);(33,1);(34,1);(35,1);(36,1);(37,1);(38,1);(39,1);(40,1);(41,1);(42,1);(43,1);(44,1);(45,1);(46,1);(47,1);(48,1);(49,1);(50,1);
900;0;0;-21;50;0;32;0;0;24;426;0;(1,1);(2,1);(3,1);(4,1);(5,1);(6,1);(7,1);(8,1);(9,1);(10,1);(11,1);(12,1);(13,1);(14,1);(15,1);(16,1);(17,1);(18,1);(19,1);(20,1);(21,1);(22,1);(23,1);(24,1);(25,1);(26,1);(27,1);(28,1);(29,1);(30,1);(31,1);(32,1);(33,1);(34,1);(35,1);(36,1);(37,1);(38,1);(39,1);(40,1);(41,1);(42,1);(43,1);(44,1);(45,1);(46,1);(47,1);(48,1);(49,1);(50,1);
910;0;0;-21;50;0;32;0;0;24;430;0;(1,1);(2,1);(3,1);(4,1);(5,1);(6,1);(7,1);(8,1);(9,1);(10,1);(11,1);(12,1);(13,1);(14,1);(15,1);(16,1);(17,1);(18,1);(19,1);(20,1);(21,1);(22,1);(23,1);(24,1);(25,1);(26,1);(27,1);(28,1);(29,1);(30,1);(31,1);(32,1);(33,1);(34,1);(35,1);(36,1);(37,1);(38,1);(39,1);(40,1);(41,1);(42,1);(43,1);(44,1);(45,1);(46,1);(47,1);(48,1);(49,1);(50,1);
920;0;0;-21;50;0;32;0;0;24;435;0;(1,1);(2,1);(3,1);(4,1);(5,1);(6,1);(7,1);(8,1);(9,1);(10,1);(11,1);(12,1);(13,1);(14,1);(15,1);(16,1);(17,1);(18,1);(19,1);(20,1);(21,1);(22,1);(23,1);(24,1);(25,1);(26,1);(27,1);(28,1);(29,1);(30,1);(31,1);(32,1);(33,1);(34,1);(35,1);(36,1);(37,1);(38,1);(39,1);(40,1);(41,1);(42,1);(43,1);(44,1);(45,1);(46,1);(47,1);(48,1);(49,1);(50,1);
930;0;0;-21;50;0;31;0;0;25;440;0;(1,1);(2,1);(3,1);(4,1);(5,1);(6,1);(7,1);(8,1);(9,1);(10,1);(11,1);(12,1);(13,1);(14,1);(15,1);(16,1);(17,1);(18,1);(19,1);(20,1);(21,1);(22,1);(23,1);(24,1);(25,1);(26,1);(27,1);(28,1);(29,1);(30,1);(31,1);(32,1);(33,1);(34,1);(35,1);(36,1);(37,1);(38,1);(39,1);(40,1);(41,1);(42,1);(43,1);(44,1);(45,1);(46,1);(47,1);(48,1);(49,1);(50,1);
940;0;0;-21;50;0;31;0;0;25;446;0;(1,1);(2,1);(3,1);(4,1);(5,1);(6,1);(7,1);(8,1);(9,1);(10,1);(11,1);(12,1);(13,1);(14,1);(15,1);(16,1);(17,1);(18,1);(19,1);(20,1);(21,1);(22,1);(23,1);(24,1);(25,1);(26,1);(27,1);(28,1);(29,1);(30,1);(31,1);(32,1);(33,1);(34,1);(35,1);(36,1);(37,1);(38,1);(39,1);(40,1);(41,1);(42,1);(43,1);(44,1);(45,1);(46,1);(47,1);(48,1);(49,1);(50,1);
950;0;0;-21;50;0;30;0;0;26;451;0;(1,1);(2,1);(3,1);(4,1);(5,1);(6,1);(7,1);(8,1);(9,1);(10,1);(11,1);(12,1);(13,1);(14,1);(15,1);(16,1);(17,1);(18,1);(19,1);(20,1);(21,1);(22,1);(23,1);(24,1);(25,1);(26,1);(27,1);(28,1);(29,1);(30,1);(31,1);(32,1);(33,1);(34,1);(35,1);(36,1);(37,1);(38,1);(39,1);(40,1);(41,1);(42,1);(43,1);(44,1);(45,1);(46,1);(47,1);(48,1);(49,1);(50,1);
960;0;0;-21;50;0;30;0;0;26;456;0;(1,1);(2,1);(3,1);(4,1);(5,1);(6,1);(7,1);(8,1);(9,1);(10,1);(11,1);(12,1);(13,1);(14,1);(15,1);(16,1);(17,1);(18,1);(19,1);(20,1);(21,1);(22,1);(23,1);(24,1);(25,1);(26,1);(27,1);(28,1);(29,1);(30,1);(31,1);(32,1);(33,1);(34,1);(35,1);(36,1);(37,1);(38,1);(39,1);(40,1);(41,1);(42,1);(43,1);(44,1);(45,1);(46,1);(47,1);(48,1);(49,1);(50,1);
970;0;0;-21;50;0;30;0;0;26;461;0;(1,1);(2,1);(3,1);(4,1);(5,1);(6,1);(7,1);(8,1);(9,1);(10,1);(11,1);(12,1);(13,1);(14,1);(15,1);(16,1);(17,1);(18,1);(19,1);(20,1);(21,1);(22,1);(23,1);(24,1);(25,1);(26,1);(27,1);(28,1);(29,1);(30,1);(31,1);(32,1);(33,1);(34,1);(35,1);(36,1);(37,1);(38,1);(39,1);(40,1);(41,1);(42,1);(43,1);(44,1);(45,1);(46,1);(47,1);(48,1);(49,1);(50,1);
980;0;0;-21;50;0;30;0;0;26;466;0;(1,1);(2,1);(3,1);(4,1);(5,1);(6,1);(7,1);(8,1);(9,1);(10,1);(11,1);(12,1);(13,1);(14,1);(15,1);(16,1);(17,1);(18,1);(19,1);(20,1);(21,1);(22,1);(23,1);(24,1);(25,1);(26,1);(27,1);(28,1);(29,1);(30,1);(31,1);(32,1);(33,1);(34,1);(35,1);(36,1);(37,1);(38,1);(39,1);(40,1);(41,1);(42,1);(43,1);(44,1);(45,1);(46,1);(47,1);(48,1);(49,1);(50,1);
990;0;0;-21;50;0;29;0;0;27;471;0;(1,1);(2,1);(3,1);(4,1);(5,1);(6,1);(7,1);(8,1);(9,1);(10,1);(11,1);(12,1);(13,1);(14,1);(15,1);(16,1);(17,1);(18,1);(19,1);(20,1);(21,1);(22,1);(23,1);(24,1);(25,1);(26,1);(27,1);(28,1);(29,1);(30,1);(31,1);(32,1);(33,1);(34,1);(35,1);(36,1);(37,1);(38,1);(39,1);(40,1);(41,1);(42,1);(43,1);(44,1);(45,1);(46,1);(47,1);(48,1);(49,1);(50,1);
1000;0;0;-16;50;0;28;0;0;28;476;0;(1,1);(2,1);(3,1);(4,1);(5,1);(6,1);(7,1);(8,1);(9,1);(10,1);(11,1);(12,1);(13,1);(14,1);(15,1);(16,1);(17,1);(18,1);(19,1);(20,1);(21,1);(22,1);(23,1);(24,1);(25,1);(26,1);(27,1);(28,1);(29,1);(30,1);(31,1);(32,1);(33,1);(34,1);(35,1);(36,1);(37,1);(38,1);(39,1);(40,1);(41,1);(42,1);(43,1);(44,1);(45,1);(46,1);(47,1);(48,1);(49,1);(50,1);
1010;0;0;-16;19;0;27;31;0;29;479;0;(1,2);(2,2);(3,1);(4,1);(5,2);(6,2);(7,2);(8,1);(9,2);(10,1);(11,2);(12,2);(13,1);(14,2);(15,2);(16,2);(17,1);(18,2);(19,1);(20,2);(21,2);(22,2);(23,1);(24,2);(25,2);(26,2);(27,1);(28,2);(29,2);(30,2);(31,2);(32,1);(33,1);(34,1);(35,1);(36,1);(37,1);(38,2);(39,2);(40,2);(41,2);(42,1);(43,2);(44,2);(45,2);(46,1);(47,2);(48,1);(49,2);(50,1);
1020;0;0;-16;19;0;26;31;0;30;483;0;(1,2);(2,2);(3,1);(4,1);(5,2);(6,2);(7,2);(8,1);(9,2);(10,1);(11,2);(12,2);(13,1);(14,2);(15,2);(16,2);(17,1);(18,2);(19,1);(20,2);(21,2);(22,2);(23,1);(24,2);(25,2);(26,2);(27,1);(28,2);(29,2);(30,2);(31,2);(32,1);(33,1);(34,1);(35,1);(36,1);(37,1);(38,2);(39,2);(40,2);(41,2);(42,1);(43,2);(44,2);(45,2);(46,1);(47,2);(48,1);(49,2);(50,1);
1030;0;0;-16;19;0;26;31;0;30;489;0;(1,2);(2,2);(3,1);(4,1);(5,2);(6,2);(7,2);(8,1);(9,2);(10,1);(11,2);(12,2);(13,1);(14,2);(15,2);(16,2);(17,1);(18,2);(19,1);(20,2);(21,2);(22,2);(23,1);(24,2);(25,2);(26,2);(27,1);(28,2);(29,2);(30,2);(31,2);(32,1);(33,1);(34,1);(35,1);(36,1);(37,1);(38,2);(39,2);(40,2);(41,2);(42,1);(43,2);(44,2);(45,2);(46,1);(47,2);(48,1);(49,2);(50,1);
1040;0;0;-16;18;0;25;32;0;31;496;0;(1,2);(2,2);(3,1);(4,1);(5,2);(6,2);(7,2);(8,1);(9,2);(10,1);(11,2);(12,2);(13,1);(14,2);(15,2);(16,2);(17,1);(18,2);(19,1);(20,2);(21,2);(22,2);(23,1);(24,2);(25,2);(26,2);(27,1);(28,2);(29,2);(30,2);(31,2);(32,1);(33,1);(34,1);(35,1);(36,1);(37,1);(38,2);(39,2);(40,2);(41,2);(42,1);(43,2);(44,2);(45,2);(46,1);(47,2);(48,2);(49,2);(50,1);
1050;0;0;-16;17;0;24;33;0;32;502;0;(1,2);(2,2);(3,1);(4,1);(5,2);(6,2);(7,2);(8,1);(9,2);(10,1);(11,2);(12,2);(13,1);(14,2);(15,2);(16,2);(17,1);(18,2);(19,1);(20,2);(21,2);(22,2);(23,1);(24,2);(25,2);(26,2);(27,1);(28,2);(29,2);(30,2);(31,2);(32,2);(33,1);(34,1);(35,1);(36,1);(37,1);(38,2);(39,2);(40,2);(41,2);(42,1);(43,2);(44,2);(45,2);(46,1);(47,2);(48,2);(49,2);(50,1);
1060;0;0;-16;16;0;23;34;0;33;509;0;(1,2);(2,2);(3,1);(4,1);(5,2);(6,2);(7,2);(8,1);(9,2);(10,1);(11,2);(12,2);(13,1);(14,2);(15,2);(16,2);(17,1);(18,2);(19,2);(20,2);(21,2);(22,2);(23,1);(24,2);(25,2);(26,2);(27,1);(28,2);(29,2);(30,2);(31,2);(32,2);(33,1);(34,1);(35,1);(36,1);(37,1);(38,2);(39,2);(40,2);(41,2);(42,1);(43,2);(44,2);(45,2);(46,1);(47,2);(48,2);(49,2);(50,1);
1070;0;0;-16;15;0;19;35;0;37;515;0;(1,2);(2,2);(3,1);(4,1);(5,2);(6,2);(7,2);(8,1);(9,2);(10,1);(11,2);(12,2);(13,2);(14,2);(15,2);(16,2);(17,1);(18,2);(19,2);(20,2);(21,2);(22,2);(23,1);(24,2);(25,2);(26,2);(27,1);(28,2);(29,2);(30,2);(31,2);(32,2);(33,1);(34,1);(35,1);(36,1);(37,1);(38,2);(39,2);(40,2);(41,2);(42,1);(43,2);(44,2);(45,2);(46,1);(47,2);(48,2);(49,2);(50,1);
1080;0;0;-16;15;0;19;35;0;37;521;0;(1,2);(2,2);(3,1);(4,1);(5,2);(6,2);(7,2);(8,1);(9,2);(10,1);(11,2);(12,2);(13,2);(14,2);(15,2);(16,2);(17,1);(18,2);(19,2);(20,2);(21,2);(22,2);(23,1);(24,2);(25,2);(26,2);(27,1);(28,2);(29,2);(30,2);(31,2);(32,2);(33,1);(34,1);(35,1);(36,1);(37,1);(38,2);(39,2);(40,2);(41,2);(42,1);(43,2);(44,2);(45,2);(46,1);(47,2);(48,2);(49,2);(50,1);
1090;0;0;-16;14;0;19;36;0;37;526;0;(1,2);(2,2);(3,1);(4,1);(5,2);(6,2);(7,2);(8,1);(9,2);(10,1);(11,2);(12,2);(13,2);(14,2);(15,2);(16,2);(17,1);(18,2);(19,2);(20,2);(21,2);(22,2);(23,1);(24,2);(25,2);(26,2);(27,1);(28,2);(29,2);(30,2);(31,2);(32,2);(33,1);(34,1);(35,1);(36,1);(37,1);(38,2);(39,2);(40,2);(41,2);(42,1);(43,2);(44,2);(45,2);(46,2);(47,2);(48,2);(49,2);(50,1);
1100;0;0;-16;13;0;19;37;0;37;532;0;(1,2);(2,2);(3,1);(4,1);(5,2);(6,2);(7,2);(8,1);(9,2);(10,1);(11,2);(12,2);(13,2);(14,2);(15,2);(16,2);(17,1);(18,2);(19,2);(20,2);(21,2);(22,2);(23,1);(24,2);(25,2);(26,2);(27,1);(28,2);(29,2);(30,2);(31,2);(32,2);(33,1);(34,1);(35,2);(36,1);(37,1);(38,2);(39,2);(40,2);(41,2);(42,1);(43,2);(44,2);(45,2);(46,2);(47,2);(48,2);(49,2);(50,1);
1110;0;0;-16;12;0;19;38;0;37;538;0;(1,2);(2,2);(3,1);(4,1);(5,2);(6,2);(7,2);(8,1);(9,2);(10,1);(11,2);(12,2);(13,2);(14,2);(15,2);(16,2);(17,1);(18,2);(19,2);(20,2);(21,2);(22,2);(23,1);(24,2);(25,2);(26,2);(27,1);(28,2);(29,2);(30,2);(31,2);(32,2);(33,1);(34,1);(35,2);(36,1);(37,2);(38,2);(39,2);(40,2);(41,2);(42,1);(43,2);(44,2);(45,2);(46,2);(47,2);(48,2);(49,2);(50,1);
1120;0;0;-16;11;0;19;39;0;37;543;0;(1,2);(2,2);(3,1);(4,1);(5,2);(6,2);(7,2);(8,1);(9,2);(10,1);(11,2);(12,2);(13,2);(14,2);(15,2);(16,2);(17,1);(18,2);(19,2);(20,2);(21,2);(22,2);(23,1);(24,2);(25,2);(26,2);(27,1);(28,2);(29,2);(30,2);(31,2);(32,2);(33,2);(34,1);(35,2);(36,1);(37,2);(38,2);(39,2);(40,2);(41,2);(42,1);(43,2);(44,2);(45,2);(46,2);(47,2);(48,2);(49,2);(50,1);
1130;0;0;-16;10;0;19;40;0;37;549;0;(1,2);(2,2);(3,1);(4,1);(5,2);(6,2);(7,2);(8,2);(9,2);(10,1);(11,2);(12,2);(13,2);(14,2);(15,2);(16,2);(17,1);(18,2);(19,2);(20,2);(21,2);(22,2);(23,1);(24,2);(25,2);(26,2);(27,1);(28,2);(29,2);(30,2);(31,2);(32,2);(33,2);(34,1);(35,2);(36,1);(37,2);(38,2);(39,2);(40,2);(41,2);(42,1);(43,2);(44,2);(45,2);(46,2);(47,2);(48,2);(49,2);(50,1);
1140;0;0;-16;8;0;19;42;0;37;554;0;(1,2);(2,2);(3,1);(4,1);(5,2);(6,2);(7,2);(8,2);(9,2);(10,1);(11,2);(12,2);(13,2);(14,2);(15,2);(16,2);(17,1);(18,2);(19,2);(20,2);(21,2);(22,2);(23,1);(24,2);(25,2);(26,2);(27,2);(28,2);(29,2);(30,2);(31,2);(32,2);(33,2);(34,1);(35,2);(36,2);(37,2);(38,2);(39,2);(40,2);(41,2);(42,1);(43,2);(44,2);(45,2);(46,2);(47,2);(48,2);(49,2);(50,1);
1150;0;0;-16;8;0;19;42;0;37;560;0;(1,2);(2,2);(3,1);(4,1);(5,2);(6,2);(7,2);(8,2);(9,2);(10,1);(11,2);(12,2);(13,2);(14,2);(15,2);(16,2);(17,1);(18,2);(19,2);(20,2);(21,2);(22,2);(23,1);(24,2);(25,2);(26,2);(27,2);(28,2);(29,2);(30,2);(31,2);(32,2);(33,2);(34,1);(35,2);(36,2);(37,2);(38,2);(39,2);(40,2);(41,2);(42,1);(43,2);(44,2);(45,2);(46,2);(47,2);(48,2);(49,2);(50,1);
1160;0;0;-16;8;0;19;42;0;37;567;0;(1,2);(2,2);(3,1);(4,1);(5,2);(6,2);(7,2);(8,2);(9,2);(10,1);(11,2);(12,2);(13,2);(14,2);(15,2);(16,2);(17,1);(18,2);(19,2);(20,2);(21,2);(22,2);(23,1);(24,2);(25,2);(26,2);(27,2);(28,2);(29,2);(30,2);(31,2);(32,2);(33,2);(34,1);(35,2);(36,2);(37,2);(38,2);(39,2);(40,2);(41,2);(42,1);(43,2);(44,2);(45,2);(46,2);(47,2);(48,2);(49,2);(50,1);
1170;0;0;-16;8;0;17;42;0;39;573;0;(1,2);(2,2);(3,1);(4,1);(5,2);(6,2);(7,2);(8,2);(9,2);(10,1);(11,2);(12,2);(13,2);(14,2);(15,2);(16,2);(17,1);(18,2);(19,2);(20,2);(21,2);(22,2);(23,1);(24,2);(25,2);(26,2);(27,2);(28,2);(29,2);(30,2);(31,2);(32,2);(33,2);(34,1);(35,2);(36,2);(37,2);(38,2);(39,2);(40,2);(41,2);(42,1);(43,2);(44,2);(45,2);(46,2);(47,2);(48,2);(49,2);(50,1);
1180;0;0;-16;8;0;17;42;0;39;581;0;(1,2);(2,2);(3,1);(4,1);(5,2);(6,2);(7,2);(8,2);(9,2);(10,1);(11,2);(12,2);(13,2);(14,2);(15,2);(16,2);(17,1);(18,2);(19,2);(20,2);(21,2);(22,2);(23,1);(24,2);(25,2);(26,2);(27,2);(28,2);(29,2);(30,2);(31,2);(32,2);(33,2);(34,1);(35,2);(36,2);(37,2);(38,2);(39,2);(40,2);(41,2);(42,1);(43,2);(44,2);(45,2);(46,2);(47,2);(48,2);(49,2);(50,1);
1190;0;0;-16;8;0;17;42;0;39;588;0;(1,2);(2,2);(3,1);(4,1);(5,2);(6,2);(7,2);(8,2);(9,2);(10,1);(11,2);(12,2);(13,2);(14,2);(15,2);(16,2);(17,1);(18,2);(19,2);(20,2);(21,2);(22,2);(23,1);(24,2);(25,2);(26,2);(27,2);(28,2);(29,2);(30,2);(31,2);(32,2);(33,2);(34,1);(35,2);(36,2);(37,2);(38,2);(39,2);(40,2);(41,2);(42,1);(43,2);(44,2);(45,2);(46,2);(47,2);(48,2);(49,2);(50,1);
1200;0;0;-16;8;0;16;42;0;40;595;0;(1,2);(2,2);(3,1);(4,1);(5,2);(6,2);(7,2);(8,2);(9,2);(10,1);(11,2);(12,2);(13,2);(14,2);(15,2);(16,2);(17,1);(18,2);(19,2);(20,2);(21,2);(22,2);(23,1);(24,2);(25,2);(26,2);(27,2);(28,2);(29,2);(30,2);(31,2);(32,2);(33,2);(34,1);(35,2);(36,2);(37,2);(38,2);(39,2);(40,2);(41,2);(42,1);(43,2);(44,2);(45,2);(46,2);(47,2);(48,2);(49,2);(50,1);
1210;0;0;-16;8;0;16;42;0;40;603;0;(1,2);(2,2);(3,1);(4,1);(5,2);(6,2);(7,2);(8,2);(9,2);(10,1);(11,2);(12,2);(13,2);(14,2);(15,2);(16,2);(17,1);(18,2);(19,2);(20,2);(21,2);(22,2);(23,1);(24,2);(25,2);(26,2);(27,2);(28,2);(29,2);(30,2);(31,2);(32,2);(33,2);(34,1);(35,2);(36,2);(37,2);(38,2);(39,2);(40,2);(41,2);(42,1);(43,2);(44,2);(45,2);(46,2);(47,2);(48,2);(49,2);(50,1);
1220;0;0;-16;8;0;15;42;0;41;610;0;(1,2);(2,2);(3,1);(4,1);(5,2);(6,2);(7,2);(8,2);(9,2);(10,1);(11,2);(12,2);(13,2);(14,2);(15,2);(16,2);(17,1);(18,2);(19,2);(20,2);(21,2);(22,2);(23,1);(24,2);(25,2);(26,2);(27,2);(28,2);(29,2);(30,2);(31,2);(32,2);(33,2);(34,1);(35,2);(36,2);(37,2);(38,2);(39,2);(40,2);(41,2);(42,1);(43,2);(44,2);(45,2);(46,2);(47,2);(48,2);(49,2);(50,1);
1230;0;0;-16;7;0;15;43;0;41;618;0;(1,2);(2,2);(3,1);(4,1);(5,2);(6,2);(7,2);(8,2);(9,2);(10,1);(11,2);(12,2);(13,2);(14,2);(15,2);(16,2);(17,1);(18,2);(19,2);(20,2);(21,2);(22,2);(23,1);(24,2);(25,2);(26,2);(27,2);(28,2);(29,2);(30,2);(31,2);(32,2);(33,2);(34,1);(35,2);(36,2);(37,2);(38,2);(39,2);(40,2);(41,2);(42,2);(43,2);(44,2);(45,2);(46,2);(47,2);(48,2);(49,2);(50,1);
1240;0;0;-16;5;0;14;45;0;42;625;0;(1,2);(2,2);(3,1);(4,1);(5,2);(6,2);(7,2);(8,2);(9,2);(10,2);(11,2);(12,2);(13,2);(14,2);(15,2);(16,2);(17,1);(18,2);(19,2);(20,2);(21,2);(22,2);(23,1);(24,2);(25,2);(26,2);(27,2);(28,2);(29,2);(30,2);(31,2);(32,2);(33,2);(34,2);(35,2);(36,2);(37,2);(38,2);(39,2);(40,2);(41,2);(42,2);(43,2);(44,2);(45,2);(46,2);(47,2);(48,2);(49,2);(50,1);
1250;0;0;-16;4;0;13;46;0;43;632;0;(1,2);(2,2);(3,1);(4,1);(5,2);(6,2);(7,2);(8,2);(9,2);(10,2);(11,2);(12,2);(13,2);(14,2);(15,2);(16,2);(17,2);(18,2);(19,2);(20,2);(21,2);(22,2);(23,1);(24,2);(25,2);(26,2);(27,2);(28,2);(29,2);(30,2);(31,2);(32,2);(33,2);(34,2);(35,2);(36,2);(37,2);(38,2);(39,2);(40,2);(41,2);(42,2);(43,2);(44,2);(45,2);(46,2);(47,2);(48,2);(49,2);(50,1);
1260;0;0;-16;4;0;13;46;0;43;639;0;(1,2);(2,2);(3,1);(4,1);(5,2);(6,2);(7,2);(8,2);(9,2);(10,2);(11,2);(12,2);(13,2);(14,2);(15,2);(16,2);(17,2);(18,2);(19,2);(20,2);(21,2);(22,2);(23,1);(24,2);(25,2);(26,2);(27,2);(28,2);(29,2);(30,2);(31,2);(32,2);(33,2);(34,2);(35,2);(36,2);(37,2);(38,2);(39,2);(40,2);(41,2);(42,2);(43,2);(44,2);(45,2);(46,2);(47,2);(48,2);(49,2);(50,1);
1270;0;0;-16;4;0;13;46;0;43;646;0;(1,2);(2,2);(3,1);(4,1);(5,2);(6,2);(7,2);(8,2);(9,2);(10,2);(11,2);(12,2);(13,2);(14,2);(15,2);(16,2);(17,2);(18,2);(19,2);(20,2);(21,2);(22,2);(23,1);(24,2);(25,2);(26,2);(27,2);(28,2);(29,2);(30,2);(31,2);(32,2);(33,2);(34,2);(35,2);(36,2);(37,2);(38,2);(39,2);(40,2);(41,2);(42,2);(43,2);(44,2);(45,2);(46,2);(47,2);(48,2);(49,2);(50,1);
1280;0;0;-16;4;0;13;46;0;43;654;0;(1,2);(2,2);(3,1);(4,1);(5,2);(6,2);(7,2);(8,2);(9,2);(10,2);(11,2);(12,2);(13,2);(14,2);(15,2);(16,2);(17,2);(18,2);(19,2);(20,2);(21,2);(22,2);(23,1);(24,2);(25,2);(26,2);(27,2);(28,2);(29,2);(30,2);(31,2);(32,2);(33,2);(34,2);(35,2);(36,2);(37,2);(38,2);(39,2);(40,2);(41,2);(42,2);(43,2);(44,2);(45,2);(46,2);(47,2);(48,2);(49,2);(50,1);
1290;0;0;-16;3;0;13;47;0;43;661;0;(1,2);(2,2);(3,1);(4,2);(5,2);(6,2);(7,2);(8,2);(9,2);(10,2);(11,2);(12,2);(13,2);(14,2);(15,2);(16,2);(17,2);(18,2);(19,2);(20,2);(21,2);(22,2);(23,1);(24,2);(25,2);(26,2);(27,2);(28,2);(29,2);(30,2);(31,2);(32,2);(33,2);(34,2);(35,2);(36,2);(37,2);(38,2);(39,2);(40,2);(41,2);(42,2);(43,2);(44,2);(45,2);(46,2);(47,2);(48,2);(49,2);(50,1);
1300;0;0;-16;2;0;13;48;0;43;668;0;(1,2);(2,2);(3,1);(4,2);(5,2);(6,2);(7,2);(8,2);(9,2);(10,2);(11,2);(12,2);(13,2);(14,2);(15,2);(16,2);(17,2);(18,2);(19,2);(20,2);(21,2);(22,2);(23,1);(24,2);(25,2);(26,2);(27,2);(28,2);(29,2);(30,2);(31,2);(32,2);(33,2);(34,2);(35,2);(36,2);(37,2);(38,2);(39,2);(40,2);(41,2);(42,2);(43,2);(44,2);(45,2);(46,2);(47,2);(48,2);(49,2);(50,2);
1310;0;0;-16;2;0;13;48;0;43;675;0;(1,2);(2,2);(3,1);(4,2);(5,2);(6,2);(7,2);(8,2);(9,2);(10,2);(11,2);(12,2);(13,2);(14,2);(15,2);(16,2);(17,2);(18,2);(19,2);(20,2);(21,2);(22,2);(23,1);(24,2);(25,2);(26,2);(27,2);(28,2);(29,2);(30,2);(31,2);(32,2);(33,2);(34,2);(35,2);(36,2);(37,2);(38,2);(39,2);(40,2);(41,2);(42,2);(43,2);(44,2);(45,2);(46,2);(47,2);(48,2);(49,2);(50,2);
1320;0;0;-16;2;0;12;48;0;44;683;0;(1,2);(2,2);(3,1);(4,2);(5,2);(6,2);(7,2);(8,2);(9,2);(10,2);(11,2);(12,2);(13,2);(14,2);(15,2);(16,2);(17,2);(18,2);(19,2);(20,2);(21,2);(22,2);(23,1);(24,2);(25,2);(26,2);(27,2);(28,2);(29,2);(30,2);(31,2);(32,2);(33,2);(34,2);(35,2);(36,2);(37,2);(38,2);(39,2);(40,2);(41,2);(42,2);(43,2);(44,2);(45,2);(46,2);(47,2);(48,2);(49,2);(50,2);
1330;0;0;-16;2;0;11;48;0;45;689;0;(1,2);(2,2);(3,1);(4,2);(5,2);(6,2);(7,2);(8,2);(9,2);(10,2);(11,2);(12,2);(13,2);(14,2);(15,2);(16,2);(17,2);(18,2);(19,2);(20,2);(21,2);(22,2);(23,1);(24,2);(25,2);(26,2);(27,2);(28,2);(29,2);(30,2);(31,2);(32,2);(33,2);(34,2);(35,2);(36,2);(37,2);(38,2);(39,2);(40,2);(41,2);(42,2);(43,2);(44,2);(45,2);(46,2);(47,2);(48,2);(49,2);(50,2);
1340;0;0;-16;2;0;11;48;0;45;696;0;(1,2);(2,2);(3,1);(4,2);(5,2);(6,2);(7,2);(8,2);(9,2);(10,2);(11,2);(12,2);(13,2);(14,2);(15,2);(16,2);(17,2);(18,2);(19,2);(20,2);(21,2);(22,2);(23,1);(24,2);(25,2);(26,2);(27,2);(28,2);(29,2);(30,2);(31,2);(32,2);(33,2);(34,2);(35,2);(36,2);(37,2);(38,2);(39,2);(40,2);(41,2);(42,2);(43,2);(44,2);(45,2);(46,2);(47,2);(48,2);(49,2);(50,2);
1350;0;0;-16;2;0;11;48;0;45;703;0;(1,2);(2,2);(3,1);(4,2);(5,2);(6,2);(7,2);(8,2);(9,2);(10,2);(11,2);(12,2);(13,2);(14,2);(15,2);(16,2);(17,2);(18,2);(19,2);(20,2);(21,2);(22,2);(23,1);(24,2);(25,2);(26,2);(27,2);(28,2);(29,2);(30,2);(31,2);(32,2);(33,2);(34,2);(35,2);(36,2);(37,2);(38,2);(39,2);(40,2);(41,2);(42,2);(43,2);(44,2);(45,2);(46,2);(47,2);(48,2);(49,2);(50,2);
1360;0;0;-16;2;0;11;48;0;45;710;0;(1,2);(2,2);(3,1);(4,2);(5,2);(6,2);(7,2);(8,2);(9,2);(10,2);(11,2);(12,2);(13,2);(14,2);(15,2);(16,2);(17,2);(18,2);(19,2);(20,2);(21,2);(22,2);(23,1);(24,2);(25,2);(26,2);(27,2);(28,2);(29,2);(30,2);(31,2);(32,2);(33,2);(34,2);(35,2);(36,2);(37,2);(38,2);(39,2);(40,2);(41,2);(42,2);(43,2);(44,2);(45,2);(46,2);(47,2);(48,2);(49,2);(50,2);
1370;0;0;-16;2;0;11;48;0;45;718;0;(1,2);(2,2);(3,1);(4,2);(5,2);(6,2);(7,2);(8,2);(9,2);(10,2);(11,2);(12,2);(13,2);(14,2);(15,2);(16,2);(17,2);(18,2);(19,2);(20,2);(21,2);(22,2);(23,1);(24,2);(25,2);(26,2);(27,2);(28,2);(29,2);(30,2);(31,2);(32,2);(33,2);(34,2);(35,2);(36,2);(37,2);(38,2);(39,2);(40,2);(41,2);(42,2);(43,2);(44,2);(45,2);(46,2);(47,2);(48,2);(49,2);(50,2);
1380;0;0;-16;2;0;11;48;0;45;725;0;(1,2);(2,2);(3,1);(4,2);(5,2);(6,2);(7,2);(8,2);(9,2);(10,2);(11,2);(12,2);(13,2);(14,2);(15,2);(16,2);(17,2);(18,2);(19,2);(20,2);(21,2);(22,2);(23,1);(24,2);(25,2);(26,2);(27,2);(28,2);(29,2);(30,2);(31,2);(32,2);(33,2);(34,2);(35,2);(36,2);(37,2);(38,2);(39,2);(40,2);(41,2);(42,2);(43,2);(44,2);(45,2);(46,2);(47,2);(48,2);(49,2);(50,2);
1390;0;0;-16;0;0;11;50;0;45;732;0;(1,2);(2,2);(3,2);(4,2);(5,2);(6,2);(7,2);(8,2);(9,2);(10,2);(11,2);(12,2);(13,2);(14,2);(15,2);(16,2);(17,2);(18,2);(19,2);(20,2);(21,2);(22,2);(23,2);(24,2);(25,2);(26,2);(27,2);(28,2);(29,2);(30,2);(31,2);(32,2);(33,2);(34,2);(35,2);(36,2);(37,2);(38,2);(39,2);(40,2);(41,2);(42,2);(43,2);(44,2);(45,2);(46,2);(47,2);(48,2);(49,2);(50,2);
1400;0;0;-16;0;0;11;50;0;45;738;0;(1,2);(2,2);(3,2);(4,2);(5,2);(6,2);(7,2);(8,2);(9,2);(10,2);(11,2);(12,2);(13,2);(14,2);(15,2);(16,2);(17,2);(18,2);(19,2);(20,2);(21,2);(22,2);(23,2);(24,2);(25,2);(26,2);(27,2);(28,2);(29,2);(30,2);(31,2);(32,2);(33,2);(34,2);(35,2);(36,2);(37,2);(38,2);(39,2);(40,2);(41,2);(42,2);(43,2);(44,2);(45,2);(46,2);(47,2);(48,2);(49,2);(50,2);
1410;0;0;-16;0;0;11;50;0;45;745;0;(1,2);(2,2);(3,2);(4,2);(5,2);(6,2);(7,2);(8,2);(9,2);(10,2);(11,2);(12,2);(13,2);(14,2);(15,2);(16,2);(17,2);(18,2);(19,2);(20,2);(21,2);(22,2);(23,2);(24,2);(25,2);(26,2);(27,2);(28,2);(29,2);(30,2);(31,2);(32,2);(33,2);(34,2);(35,2);(36,2);(37,2);(38,2);(39,2);(40,2);(41,2);(42,2);(43,2);(44,2);(45,2);(46,2);(47,2);(48,2);(49,2);(50,2);
1420;0;0;-16;0;0;11;50;0;43;751;2;(1,2);(2,2);(3,2);(4,2);(5,2);(6,2);(7,2);(8,2);(9,2);(10,2);(11,2);(12,2);(13,2);(14,2);(15,2);(16,2);(17,2);(18,2);(19,2);(20,2);(21,2);(22,2);(23,2);(24,2);(25,2);(26,2);(27,2);(28,2);(29,2);(30,2);(31,2);(32,2);(33,2);(34,2);(35,2);(36,2);(37,2);(38,2);(39,2);(40,2);(41,2);(42,2);(43,2);(44,2);(45,2);(46,2);(47,2);(48,2);(49,2);(50,2);
1430;0;0;-16;0;0;11;50;0;42;757;3;(1,2);(2,2);(3,2);(4,2);(5,2);(6,2);(7,2);(8,2);(9,2);(10,2);(11,2);(12,2);(13,2);(14,2);(15,2);(16,2);(17,2);(18,2);(19,2);(20,2);(21,2);(22,2);(23,2);(24,2);(25,2);(26,2);(27,2);(28,2);(29,2);(30,2);(31,2);(32,2);(33,2);(34,2);(35,2);(36,2);(37,2);(38,2);(39,2);(40,2);(41,2);(42,2);(43,2);(44,2);(45,2);(46,2);(47,2);(48,2);(49,2);(50,2);
1440;0;0;-16;0;0;11;50;0;41;763;4;(1,2);(2,2);(3,2);(4,2);(5,2);(6,2);(7,2);(8,2);(9,2);(10,2);(11,2);(12,2);(13,2);(14,2);(15,2);(16,2);(17,2);(18,2);(19,2);(20,2);(21,2);(22,2);(23,2);(24,2);(25,2);(26,2);(27,2);(28,2);(29,2);(30,2);(31,2);(32,2);(33,2);(34,2);(35,2);(36,2);(37,2);(38,2);(39,2);(40,2);(41,2);(42,2);(43,2);(44,2);(45,2);(46,2);(47,2);(48,2);(49,2);(50,2);
1450;0;0;-16;0;0;11;50;0;39;768;6;(1,2);(2,2);(3,2);(4,2);(5,2);(6,2);(7,2);(8,2);(9,2);(10,2);(11,2);(12,2);(13,2);(14,2);(15,2);(16,2);(17,2);(18,2);(19,2);(20,2);(21,2);(22,2);(23,2);(24,2);(25,2);(26,2);(27,2);(28,2);(29,2);(30,2);(31,2);(32,2);(33,2);(34,2);(35,2);(36,2);(37,2);(38,2);(39,2);(40,2);(41,2);(42,2);(43,2);(44,2);(45,2);(46,2);(47,2);(48,2);(49,2);(50,2);
1460;0;0;-16;0;0;11;50;0;36;773;9;(1,2);(2,2);(3,2);(4,2);(5,2);(6,2);(7,2);(8,2);(9,2);(10,2);(11,2);(12,2);(13,2);(14,2);(15,2);(16,2);(17,2);(18,2);(19,2);(20,2);(21,2);(22,2);(23,2);(24,2);(25,2);(26,2);(27,2);(28,2);(29,2);(30,2);(31,2);(32,2);(33,2);(34,2);(35,2);(36,2);(37,2);(38,2);(39,2);(40,2);(41,2);(42,2);(43,2);(44,2);(45,2);(46,2);(47,2);(48,2);(49,2);(50,2);
1470;0;0;-16;0;0;11;50;0;35;778;10;(1,2);(2,2);(3,2);(4,2);(5,2);(6,2);(7,2);(8,2);(9,2);(10,2);(11,2);(12,2);(13,2);(14,2);(15,2);(16,2);(17,2);(18,2);(19,2);(20,2);(21,2);(22,2);(23,2);(24,2);(25,2);(26,2);(27,2);(28,2);(29,2);(30,2);(31,2);(32,2);(33,2);(34,2);(35,2);(36,2);(37,2);(38,2);(39,2);(40,2);(41,2);(42,2);(43,2);(44,2);(45,2);(46,2);(47,2);(48,2);(49,2);(50,2);
1480;0;0;-16;0;0;11;50;0;32;783;13;(1,2);(2,2);(3,2);(4,2);(5,2);(6,2);(7,2);(8,2);(9,2);(10,2);(11,2);(12,2);(13,2);(14,2);(15,2);(16,2);(17,2);(18,2);(19,2);(20,2);(21,2);(22,2);(23,2);(24,2);(25,2);(26,2);(27,2);(28,2);(29,2);(30,2);(31,2);(32,2);(33,2);(34,2);(35,2);(36,2);(37,2);(38,2);(39,2);(40,2);(41,2);(42,2);(43,2);(44,2);(45,2);(46,2);(47,2);(48,2);(49,2);(50,2);
1490;0;0;-16;0;0;11;50;0;31;787;14;(1,2);(2,2);(3,2);(4,2);(5,2);(6,2);(7,2);(8,2);(9,2);(10,2);(11,2);(12,2);(13,2);(14,2);(15,2);(16,2);(17,2);(18,2);(19,2);(20,2);(21,2);(22,2);(23,2);(24,2);(25,2);(26,2);(27,2);(28,2);(29,2);(30,2);(31,2);(32,2);(33,2);(34,2);(35,2);(36,2);(37,2);(38,2);(39,2);(40,2);(41,2);(42,2);(43,2);(44,2);(45,2);(46,2);(47,2);(48,2);(49,2);(50,2);
1500;0;0;-11;0;0;11;50;0;25;792;20;(1,2);(2,2);(3,2);(4,2);(5,2);(6,2);(7,2);(8,2);(9,2);(10,2);(11,2);(12,2);(13,2);(14,2);(15,2);(16,2);(17,2);(18,2);(19,2);(20,2);(21,2);(22,2);(23,2);(24,2);(25,2);(26,2);(27,2);(28,2);(29,2);(30,2);(31,2);(32,2);(33,2);(34,2);(35,2);(36,2);(37,2);(38,2);(39,2);(40,2);(41,2);(42,2);(43,2);(44,2);(45,2);(46,2);(47,2);(48,2);(49,2);(50,2);
