10;10;0;30;0;0;0;0;0;0;0;0;(1,0);(2,0);(3,0);(4,0);(5,0);(6,0);(7,0);(8,0);(9,0);(10,0);
20;10;0;30;0;0;0;0;0;0;1;0;(1,0);(2,0);(3,0);(4,0);(5,0);(6,0);(7,0);(8,0);(9,0);(10,0);
30;10;0;30;0;0;0;0;0;0;2;0;(1,0);(2,0);(3,0);(4,0);(5,0);(6,0);(7,0);(8,0);(9,0);(10,0);
40;10;0;30;0;0;0;0;0;0;3;0;(1,0);(2,0);(3,0);(4,0);(5,0);(6,0);(7,0);(8,0);(9,0);(10,0);
50;10;0;30;0;0;0;0;0;0;4;0;(1,0);(2,0);(3,0);(4,0);(5,0);(6,0);(7,0);(8,0);(9,0);(10,0);
60;10;0;30;0;0;0;0;0;0;5;0;(1,0);(2,0);(3,0);(4,0);(5,0);(6,0);(7,0);(8,0);(9,0);(10,0);
70;10;0;30;0;0;0;0;0;0;6;0;(1,0);(2,0);(3,0);(4,0);(5,0);(6,0);(7,0);(8,0);(9,0);(10,0);
80;10;0;30;0;0;0;0;0;0;7;0;(1,0);(2,0);(3,0);(4,0);(5,0);(6,0);(7,0);(8,0);(9,0);(10,0);
90;10;0;30;0;0;0;0;0;0;8;0;(1,0);(2,0);(3,0);(4,0);(5,0);(6,0);(7,0);(8,0);(9,0);(10,0);
100;10;0;30;0;0;0;0;0;0;9;0;(1,0);(2,0);(3,0);(4,0);(5,0);(6,0);(7,0);(8,0);(9,0);(10,0);
110;10;0;30;0;0;0;0;0;0;10;0;(1,0);(2,0);(3,0);(4,0);(5,0);(6,0);(7,0);(8,0);(9,0);(10,0);
120;10;0;30;0;0;0;0;0;0;10;0;(1,0);(2,0);(3,0);(4,0);(5,0);(6,0);(7,0);(8,0);(9,0);(10,0);
130;10;0;30;0;0;0;0;0;0;11;0;(1,0);(2,0);(3,0);(4,0);(5,0);(6,0);(7,0);(8,0);(9,0);(10,0);
140;10;0;30;0;0;0;0;0;0;12;0;(1,0);(2,0);(3,0);(4,0);(5,0);(6,0);(7,0);(8,0);(9,0);(10,0);
150;10;0;30;0;0;0;0;0;0;13;0;(1,0);(2,0);(3,0);(4,0);(5,0);(6,0);(7,0);(8,0);(9,0);(10,0);
160;10;0;30;0;0;0;0;0;0;14;0;(1,0);(2,0);(3,0);(4,0);(5,0);(6,0);(7,0);(8,0);(9,0);(10,0);
170;10;0;30;0;0;0;0;0;0;15;0;(1,0);(2,0);(3,0);(4,0);(5,0);(6,0);(7,0);(8,0);(9,0);(10,0);
180;10;0;30;0;0;0;0;0;0;16;0;(1,0);(2,0);(3,0);(4,0);(5,0);(6,0);(7,0);(8,0);(9,0);(10,0);
190;10;0;30;0;0;0;0;0;0;17;0;(1,0);(2,0);(3,0);(4,0);(5,0);(6,0);(7,0);(8,0);(9,0);(10,0);
200;10;0;30;0;0;0;0;0;0;18;0;(1,0);(2,0);(3,0);(4,0);(5,0);(6,0);(7,0);(8,0);(9,0);(10,0);
210;10;0;30;0;0;0;0;0;0;19;0;(1,0);(2,0);(3,0);(4,0);(5,0);(6,0);(7,0);(8,0);(9,0);(10,0);
220;10;0;30;0;0;0;0;0;0;20;0;(1,0);(2,0);(3,0);(4,0);(5,0);(6,0);(7,0);(8,0);(9,0);(10,0);
230;10;0;30;0;0;0;0;0;0;21;0;(1,0);(2,0);(3,0);(4,0);(5,0);(6,0);(7,0);(8,0);(9,0);(10,0);
240;10;0;29;0;0;1;0;0;0;22;0;(1,0);(2,0);(3,0);(4,0);(5,0);(6,0);(7,0);(8,0);(9,0);(10,0);
250;10;0;29;0;0;1;0;0;0;23;0;(1,0);(2,0);(3,0);(4,0);(5,0);(6,0);(7,0);(8,0);(9,0);(10,0);
260;10;0;29;0;0;1;0;0;0;24;0;(1,0);(2,0);(3,0);(4,0);(5,0);(6,0);(7,0);(8,0);(9,0);(10,0);
270;10;0;27;0;0;3;0;0;0;25;0;(1,0);(2,0);(3,0);(4,0);(5,0);(6,0);(7,0);(8,0);(9,0);(10,0);
280;10;0;26;0;0;4;0;0;0;25;0;(1,0);(2,0);(3,0);(4,0);(5,0);(6,0);(7,0);(8,0);(9,0);(10,0);
290;10;0;23;0;0;7;0;0;0;26;0;(1,0);(2,0);(3,0);(4,0);(5,0);(6,0);(7,0);(8,0);(9,0);(10,0);
300;10;0;23;0;0;7;0;0;0;27;0;(1,0);(2,0);(3,0);(4,0);(5,0);(6,0);(7,0);(8,0);(9,0);(10,0);
310;10;0;23;0;0;7;0;0;0;28;0;(1,0);(2,0);(3,0);(4,0);(5,0);(6,0);(7,0);(8,0);(9,0);(10,0);
320;10;0;23;0;0;7;0;0;0;29;0;(1,0);(2,0);(3,0);(4,0);(5,0);(6,0);(7,0);(8,0);(9,0);(10,0);
330;10;0;23;0;0;7;0;0;0;31;0;(1,0);(2,0);(3,0);(4,0);(5,0);(6,0);(7,0);(8,0);(9,0);(10,0);
340;10;0;23;0;0;7;0;0;0;32;0;(1,0);(2,0);(3,0);(4,0);(5,0);(6,0);(7,0);(8,0);(9,0);(10,0);
350;10;0;23;0;0;7;0;0;0;34;0;(1,0);(2,0);(3,0);(4,0);(5,0);(6,0);(7,0);(8,0);(9,0);(10,0);
360;10;0;23;0;0;7;0;0;0;35;0;(1,0);(2,0);(3,0);(4,0);(5,0);(6,0);(7,0);(8,0);(9,0);(10,0);
370;10;0;23;0;0;7;0;0;0;36;0;(1,0);(2,0);(3,0);(4,0);(5,0);(6,0);(7,0);(8,0);(9,0);(10,0);
380;10;0;23;0;0;7;0;0;0;37;0;(1,0);(2,0);(3,0);(4,0);(5,0);(6,0);(7,0);(8,0);(9,0);(10,0);
390;10;0;22;0;0;8;0;0;0;39;0;(1,0);(2,0);(3,0);(4,0);(5,0);(6,0);(7,0);(8,0);(9,0);(10,0);
400;10;0;22;0;0;8;0;0;0;40;0;(1,0);(2,0);(3,0);(4,0);(5,0);(6,0);(7,0);(8,0);(9,0);(10,0);
410;10;0;22;0;0;8;0;0;0;41;0;(1,0);(2,0);(3,0);(4,0);(5,0);(6,0);(7,0);(8,0);(9,0);(10,0);
420;10;0;22;0;0;8;0;0;0;42;0;(1,0);(2,0);(3,0);(4,0);(5,0);(6,0);(7,0);(8,0);(9,0);(10,0);
430;10;0;22;0;0;8;0;0;0;43;0;(1,0);(2,0);(3,0);(4,0);(5,0);(6,0);(7,0);(8,0);(9,0);(10,0);
440;10;0;22;0;0;8;0;0;0;44;0;(1,0);(2,0);(3,0);(4,0);(5,0);(6,0);(7,0);(8,0);(9,0);(10,0);
450;10;0;22;0;0;8;0;0;0;45;0;(1,0);(2,0);(3,0);(4,0);(5,0);(6,0);(7,0);(8,0);(9,0);(10,0);
460;10;0;22;0;0;8;0;0;0;46;0;(1,0);(2,0);(3,0);(4,0);(5,0);(6,0);(7,0);(8,0);(9,0);(10,0);
470;10;0;22;0;0;8;0;0;0;47;0;(1,0);(2,0);(3,0);(4,0);(5,0);(6,0);(7,0);(8,0);(9,0);(10,0);
480;10;0;22;0;0;8;0;0;0;48;0;(1,0);(2,0);(3,0);(4,0);(5,0);(6,0);(7,0);(8,0);(9,0);(10,0);
490;10;0;21;0;0;9;0;0;0;49;0;(1,0);(2,0);(3,0);(4,0);(5,0);(6,0);(7,0);(8,0);(9,0);(10,0);
500;10;0;25;0;0;10;0;0;0;50;0;(1,0);(2,0);(3,0);(4,0);(5,0);(6,0);(7,0);(8,0);(9,0);(10,0);
510;10;0;25;0;0;10;0;0;0;50;0;(1,0);(2,0);(3,0);(4,0);(5,0);(6,0);(7,0);(8,0);(9,0);(10,0);
520;10;0;25;0;0;10;0;0;0;51;0;(1,0);(2,0);(3,0);(4,0);(5,0);(6,0);(7,0);(8,0);(9,0);(10,0);
530;10;0;22;0;0;13;0;0;0;52;0;(1,0);(2,0);(3,0);(4,0);(5,0);(6,0);(7,0);(8,0);(9,0);(10,0);
540;10;0;22;0;0;13;0;0;0;53;0;(1,0);(2,0);(3,0);(4,0);(5,0);(6,0);(7,0);(8,0);(9,0);(10,0);
550;10;0;22;0;0;13;0;0;0;54;0;(1,0);(2,0);(3,0);(4,0);(5,0);(6,0);(7,0);(8,0);(9,0);(10,0);
560;10;0;21;0;0;14;0;0;0;56;0;(1,0);(2,0);(3,0);(4,0);(5,0);(6,0);(7,0);(8,0);(9,0);(10,0);
570;10;0;21;0;0;14;0;0;0;57;0;(1,0);(2,0);(3,0);(4,0);(5,0);(6,0);(7,0);(8,0);(9,0);(10,0);
580;10;0;21;0;0;14;0;0;0;58;0;(1,0);(2,0);(3,0);(4,0);(5,0);(6,0);(7,0);(8,0);(9,0);(10,0);
590;10;0;21;0;0;14;0;0;0;60;0;(1,0);(2,0);(3,0);(4,0);(5,0);(6,0);(7,0);(8,0);(9,0);(10,0);
600;10;0;21;0;0;14;0;0;0;61;0;(1,0);(2,0);(3,0);(4,0);(5,0);(6,0);(7,0);(8,0);(9,0);(10,0);
610;10;0;21;0;0;14;0;0;0;63;0;(1,0);(2,0);(3,0);(4,0);(5,0);(6,0);(7,0);(8,0);(9,0);(10,0);
620;10;0;20;0;0;15;0;0;0;64;0;(1,0);(2,0);(3,0);(4,0);(5,0);(6,0);(7,0);(8,0);(9,0);(10,0);
630;10;0;20;0;0;15;0;0;0;65;0;(1,0);(2,0);(3,0);(4,0);(5,0);(6,0);(7,0);(8,0);(9,0);(10,0);
640;10;0;19;0;0;16;0;0;0;65;0;(1,0);(2,0);(3,0);(4,0);(5,0);(6,0);(7,0);(8,0);(9,0);(10,0);
650;10;0;19;0;0;16;0;0;0;66;0;(1,0);(2,0);(3,0);(4,0);(5,0);(6,0);(7,0);(8,0);(9,0);(10,0);
660;10;0;19;0;0;16;0;0;0;67;0;(1,0);(2,0);(3,0);(4,0);(5,0);(6,0);(7,0);(8,0);(9,0);(10,0);
670;10;0;19;0;0;16;0;0;0;69;0;(1,0);(2,0);(3,0);(4,0);(5,0);(6,0);(7,0);(8,0);(9,0);(10,0);
680;10;0;19;0;0;16;0;0;0;70;0;(1,0);(2,0);(3,0);(4,0);(5,0);(6,0);(7,0);(8,0);(9,0);(10,0);
690;10;0;19;0;0;16;0;0;0;71;0;(1,0);(2,0);(3,0);(4,0);(5,0);(6,0);(7,0);(8,0);(9,0);(10,0);
700;10;0;18;0;0;17;0;0;0;72;0;(1,0);(2,0);(3,0);(4,0);(5,0);(6,0);(7,0);(8,0);(9,0);(10,0);
710;10;0;18;0;0;17;0;0;0;73;0;(1,0);(2,0);(3,0);(4,0);(5,0);(6,0);(7,0);(8,0);(9,0);(10,0);
720;10;0;18;0;0;17;0;0;0;74;0;(1,0);(2,0);(3,0);(4,0);(5,0);(6,0);(7,0);(8,0);(9,0);(10,0);
730;8;0;17;2;0;18;0;0;0;75;0;(1,0);(2,0);(3,0);(4,1);(5,0);(6,0);(7,0);(8,1);(9,0);(10,0);
740;8;0;17;2;0;18;0;0;0;76;0;(1,0);(2,0);(3,0);(4,1);(5,0);(6,0);(7,0);(8,1);(9,0);(10,0);
750;8;0;17;2;0;18;0;0;0;77;0;(1,0);(2,0);(3,0);(4,1);(5,0);(6,0);(7,0);(8,1);(9,0);(10,0);
760;8;0;17;2;0;18;0;0;0;78;0;(1,0);(2,0);(3,0);(4,1);(5,0);(6,0);(7,0);(8,1);(9,0);(10,0);
770;8;0;17;2;0;18;0;0;0;79;0;(1,0);(2,0);(3,0);(4,1);(5,0);(6,0);(7,0);(8,1);(9,0);(10,0);
780;8;0;17;2;0;18;0;0;0;80;0;(1,0);(2,0);(3,0);(4,1);(5,0);(6,0);(7,0);(8,1);(9,0);(10,0);
790;8;0;17;2;0;18;0;0;0;82;0;(1,0);(2,0);(3,0);(4,1);(5,0);(6,0);(7,0);(8,1);(9,0);(10,0);
800;8;0;17;2;0;18;0;0;0;83;0;(1,0);(2,0);(3,0);(4,1);(5,0);(6,0);(7,0);(8,1);(9,0);(10,0);
810;8;0;17;2;0;18;0;0;0;84;0;(1,0);(2,0);(3,0);(4,1);(5,0);(6,0);(7,0);(8,1);(9,0);(10,0);
820;8;0;17;2;0;18;0;0;0;85;0;(1,0);(2,0);(3,0);(4,1);(5,0);(6,0);(7,0);(8,1);(9,0);(10,0);
830;6;0;15;4;0;20;0;0;0;86;0;(1,0);(2,0);(3,1);(4,1);(5,0);(6,0);(7,1);(8,1);(9,0);(10,0);
840;6;0;15;4;0;20;0;0;0;87;0;(1,0);(2,0);(3,1);(4,1);(5,0);(6,0);(7,1);(8,1);(9,0);(10,0);
850;6;0;15;4;0;20;0;0;0;88;0;(1,0);(2,0);(3,1);(4,1);(5,0);(6,0);(7,1);(8,1);(9,0);(10,0);
860;6;0;15;4;0;20;0;0;0;89;0;(1,0);(2,0);(3,1);(4,1);(5,0);(6,0);(7,1);(8,1);(9,0);(10,0);
870;5;0;14;5;0;21;0;0;0;90;0;(1,1);(2,0);(3,1);(4,1);(5,0);(6,0);(7,1);(8,1);(9,0);(10,0);
880;5;0;14;5;0;21;0;0;0;91;0;(1,1);(2,0);(3,1);(4,1);(5,0);(6,0);(7,1);(8,1);(9,0);(10,0);
890;5;0;14;5;0;21;0;0;0;92;0;(1,1);(2,0);(3,1);(4,1);(5,0);(6,0);(7,1);(8,1);(9,0);(10,0);
900;4;0;13;6;0;22;0;0;0;93;0;(1,1);(2,0);(3,1);(4,1);(5,1);(6,0);(7,1);(8,1);(9,0);(10,0);
910;3;0;12;7;0;23;0;0;0;94;0;(1,1);(2,0);(3,1);(4,1);(5,1);(6,1);(7,1);(8,1);(9,0);(10,0);
920;3;0;12;7;0;23;0;0;0;95;0;(1,1);(2,0);(3,1);(4,1);(5,1);(6,1);(7,1);(8,1);(9,0);(10,0);
930;3;0;12;7;0;23;0;0;0;96;0;(1,1);(2,0);(3,1);(4,1);(5,1);(6,1);(7,1);(8,1);(9,0);(10,0);
940;1;0;10;9;0;25;0;0;0;96;0;(1,1);(2,1);(3,1);(4,1);(5,1);(6,1);(7,1);(8,1);(9,1);(10,0);
950;1;0;10;9;0;25;0;0;0;97;0;(1,1);(2,1);(3,1);(4,1);(5,1);(6,1);(7,1);(8,1);(9,1);(10,0);
960;1;0;10;9;0;25;0;0;0;98;0;(1,1);(2,1);(3,1);(4,1);(5,1);(6,1);(7,1);(8,1);(9,1);(10,0);
970;1;0;10;9;0;25;0;0;0;99;0;(1,1);(2,1);(3,1);(4,1);(5,1);(6,1);(7,1);(8,1);(9,1);(10,0);
980;1;0;10;9;0;25;0;0;0;100;0;(1,1);(2,1);(3,1);(4,1);(5,1);(6,1);(7,1);(8,1);(9,1);(10,0);
990;1;0;10;9;0;25;0;0;0;101;0;(1,1);(2,1);(3,1);(4,1);(5,1);(6,1);(7,1);(8,1);(9,1);(10,0);
1000;1;0;15;9;0;25;0;0;0;101;0;(1,1);(2,1);(3,1);(4,1);(5,1);(6,1);(7,1);(8,1);(9,1);(10,0);
1010;1;0;15;9;0;25;0;0;0;102;0;(1,1);(2,1);(3,1);(4,1);(5,1);(6,1);(7,1);(8,1);(9,1);(10,0);
1020;1;0;15;9;0;25;0;0;0;104;0;(1,1);(2,1);(3,1);(4,1);(5,1);(6,1);(7,1);(8,1);(9,1);(10,0);
1030;1;0;15;9;0;25;0;0;0;104;0;(1,1);(2,1);(3,1);(4,1);(5,1);(6,1);(7,1);(8,1);(9,1);(10,0);
1040;1;0;15;9;0;25;0;0;0;105;0;(1,1);(2,1);(3,1);(4,1);(5,1);(6,1);(7,1);(8,1);(9,1);(10,0);
1050;1;0;15;9;0;25;0;0;0;106;0;(1,1);(2,1);(3,1);(4,1);(5,1);(6,1);(7,1);(8,1);(9,1);(10,0);
1060;1;0;15;9;0;25;0;0;0;107;0;(1,1);(2,1);(3,1);(4,1);(5,1);(6,1);(7,1);(8,1);(9,1);(10,0);
1070;1;0;15;9;0;25;0;0;0;108;0;(1,1);(2,1);(3,1);(4,1);(5,1);(6,1);(7,1);(8,1);(9,1);(10,0);
1080;0;0;14;10;0;26;0;0;0;109;0;(1,1);(2,1);(3,1);(4,1);(5,1);(6,1);(7,1);(8,1);(9,1);(10,1);
1090;0;0;14;10;0;26;0;0;0;110;0;(1,1);(2,1);(3,1);(4,1);(5,1);(6,1);(7,1);(8,1);(9,1);(10,1);
1100;0;0;14;10;0;26;0;0;0;111;0;(1,1);(2,1);(3,1);(4,1);(5,1);(6,1);(7,1);(8,1);(9,1);(10,1);
1110;0;0;14;10;0;25;0;0;1;112;0;(1,1);(2,1);(3,1);(4,1);(5,1);(6,1);(7,1);(8,1);(9,1);(10,1);
1120;0;0;14;10;0;25;0;0;1;113;0;(1,1);(2,1);(3,1);(4,1);(5,1);(6,1);(7,1);(8,1);(9,1);(10,1);
1130;0;0;14;10;0;25;0;0;1;114;0;(1,1);(2,1);(3,1);(4,1);(5,1);(6,1);(7,1);(8,1);(9,1);(10,1);
1140;0;0;14;10;0;24;0;0;2;115;0;(1,1);(2,1);(3,1);(4,1);(5,1);(6,1);(7,1);(8,1);(9,1);(10,1);
1150;0;0;14;10;0;24;0;0;2;116;0;(1,1);(2,1);(3,1);(4,1);(5,1);(6,1);(7,1);(8,1);(9,1);(10,1);
1160;0;0;14;10;0;24;0;0;2;117;0;(1,1);(2,1);(3,1);(4,1);(5,1);(6,1);(7,1);(8,1);(9,1);(10,1);
1170;0;0;14;10;0;24;0;0;2;118;0;(1,1);(2,1);(3,1);(4,1);(5,1);(6,1);(7,1);(8,1);(9,1);(10,1);
1180;0;0;14;10;0;24;0;0;2;119;0;(1,1);(2,1);(3,1);(4,1);(5,1);(6,1);(7,1);(8,1);(9,1);(10,1);
1190;0;0;14;10;0;24;0;0;2;120;0;(1,1);(2,1);(3,1);(4,1);(5,1);(6,1);(7,1);(8,1);(9,1);(10,1);
1200;0;0;14;10;0;24;0;0;2;121;0;(1,1);(2,1);(3,1);(4,1);(5,1);(6,1);(7,1);(8,1);(9,1);(10,1);
1210;0;0;14;10;0;24;0;0;2;122;0;(1,1);(2,1);(3,1);(4,1);(5,1);(6,1);(7,1);(8,1);(9,1);(10,1);
1220;0;0;14;10;0;23;0;0;3;122;0;(1,1);(2,1);(3,1);(4,1);(5,1);(6,1);(7,1);(8,1);(9,1);(10,1);
1230;0;0;14;10;0;23;0;0;3;123;0;(1,1);(2,1);(3,1);(4,1);(5,1);(6,1);(7,1);(8,1);(9,1);(10,1);
1240;0;0;14;10;0;23;0;0;3;124;0;(1,1);(2,1);(3,1);(4,1);(5,1);(6,1);(7,1);(8,1);(9,1);(10,1);
1250;0;0;14;10;0;23;0;0;3;125;0;(1,1);(2,1);(3,1);(4,1);(5,1);(6,1);(7,1);(8,1);(9,1);(10,1);
1260;0;0;14;10;0;23;0;0;3;126;0;(1,1);(2,1);(3,1);(4,1);(5,1);(6,1);(7,1);(8,1);(9,1);(10,1);
1270;0;0;14;10;0;23;0;0;3;127;0;(1,1);(2,1);(3,1);(4,1);(5,1);(6,1);(7,1);(8,1);(9,1);(10,1);
1280;0;0;14;10;0;23;0;0;3;128;0;(1,1);(2,1);(3,1);(4,1);(5,1);(6,1);(7,1);(8,1);(9,1);(10,1);
1290;0;0;14;10;0;23;0;0;3;130;0;(1,1);(2,1);(3,1);(4,1);(5,1);(6,1);(7,1);(8,1);(9,1);(10,1);
1300;0;0;14;10;0;23;0;0;3;131;0;(1,1);(2,1);(3,1);(4,1);(5,1);(6,1);(7,1);(8,1);(9,1);(10,1);
1310;0;0;14;10;0;22;0;0;4;131;0;(1,1);(2,1);(3,1);(4,1);(5,1);(6,1);(7,1);(8,1);(9,1);(10,1);
1320;0;0;14;10;0;22;0;0;4;132;0;(1,1);(2,1);(3,1);(4,1);(5,1);(6,1);(7,1);(8,1);(9,1);(10,1);
1330;0;0;14;10;0;22;0;0;4;133;0;(1,1);(2,1);(3,1);(4,1);(5,1);(6,1);(7,1);(8,1);(9,1);(10,1);
1340;0;0;14;10;0;22;0;0;4;134;0;(1,1);(2,1);(3,1);(4,1);(5,1);(6,1);(7,1);(8,1);(9,1);(10,1);
1350;0;0;14;10;0;22;0;0;4;135;0;(1,1);(2,1);(3,1);(4,1);(5,1);(6,1);(7,1);(8,1);(9,1);(10,1);
1360;0;0;14;10;0;21;0;0;5;136;0;(1,1);(2,1);(3,1);(4,1);(5,1);(6,1);(7,1);(8,1);(9,1);(10,1);
1370;0;0;14;10;0;21;0;0;5;137;0;(1,1);(2,1);(3,1);(4,1);(5,1);(6,1);(7,1);(8,1);(9,1);(10,1);
1380;0;0;14;10;0;20;0;0;6;138;0;(1,1);(2,1);(3,1);(4,1);(5,1);(6,1);(7,1);(8,1);(9,1);(10,1);
1390;0;0;14;10;0;20;0;0;6;139;0;(1,1);(2,1);(3,1);(4,1);(5,1);(6,1);(7,1);(8,1);(9,1);(10,1);
1400;0;0;14;10;0;19;0;0;7;140;0;(1,1);(2,1);(3,1);(4,1);(5,1);(6,1);(7,1);(8,1);(9,1);(10,1);
1410;0;0;14;10;0;19;0;0;7;141;0;(1,1);(2,1);(3,1);(4,1);(5,1);(6,1);(7,1);(8,1);(9,1);(10,1);
1420;0;0;14;10;0;19;0;0;7;142;0;(1,1);(2,1);(3,1);(4,1);(5,1);(6,1);(7,1);(8,1);(9,1);(10,1);
1430;0;0;14;10;0;19;0;0;7;143;0;(1,1);(2,1);(3,1);(4,1);(5,1);(6,1);(7,1);(8,1);(9,1);(10,1);
1440;0;0;14;10;0;19;0;0;7;144;0;(1,1);(2,1);(3,1);(4,1);(5,1);(6,1);(7,1);(8,1);(9,1);(10,1);
1450;0;0;14;10;0;18;0;0;8;145;0;(1,1);(2,1);(3,1);(4,1);(5,1);(6,1);(7,1);(8,1);(9,1);(10,1);
1460;0;0;14;10;0;18;0;0;8;146;0;(1,1);(2,1);(3,1);(4,1);(5,1);(6,1);(7,1);(8,1);(9,1);(10,1);
1470;0;0;14;10;0;18;0;0;8;147;0;(1,1);(2,1);(3,1);(4,1);(5,1);(6,1);(7,1);(8,1);(9,1);(10,1);
1480;0;0;14;10;0;18;0;0;8;148;0;(1,1);(2,1);(3,1);(4,1);(5,1);(6,1);(7,1);(8,1);(9,1);(10,1);
1490;0;0;14;10;0;18;0;0;8;149;0;(1,1);(2,1);(3,1);(4,1);(5,1);(6,1);(7,1);(8,1);(9,1);(10,1);
1500;0;0;19;10;0;18;0;0;8;150;0;(1,1);(2,1);(3,1);(4,1);(5,1);(6,1);(7,1);(8,1);(9,1);(10,1);
1510;5;0;19;5;0;17;0;0;9;150;0;(1,1);(2,2);(3,1);(4,2);(5,1);(6,2);(7,2);(8,1);(9,2);(10,1);
1520;6;0;19;4;0;17;0;0;9;151;0;(1,1);(2,2);(3,1);(4,2);(5,2);(6,2);(7,2);(8,1);(9,2);(10,1);
1530;6;0;19;4;0;17;0;0;9;152;0;(1,1);(2,2);(3,1);(4,2);(5,2);(6,2);(7,2);(8,1);(9,2);(10,1);
1540;6;0;19;4;0;17;0;0;9;153;0;(1,1);(2,2);(3,1);(4,2);(5,2);(6,2);(7,2);(8,1);(9,2);(10,1);
1550;6;0;19;4;0;16;0;0;10;155;0;(1,1);(2,2);(3,1);(4,2);(5,2);(6,2);(7,2);(8,1);(9,2);(10,1);
1560;6;0;19;4;0;16;0;0;10;156;0;(1,1);(2,2);(3,1);(4,2);(5,2);(6,2);(7,2);(8,1);(9,2);(10,1);
1570;6;0;19;4;0;16;0;0;10;157;0;(1,1);(2,2);(3,1);(4,2);(5,2);(6,2);(7,2);(8,1);(9,2);(10,1);
1580;6;0;19;4;0;16;0;0;10;158;0;(1,1);(2,2);(3,1);(4,2);(5,2);(6,2);(7,2);(8,1);(9,2);(10,1);
1590;7;0;19;3;0;16;0;0;10;159;0;(1,1);(2,2);(3,1);(4,2);(5,2);(6,2);(7,2);(8,1);(9,2);(10,2);
1600;8;0;19;2;0;16;0;0;10;161;0;(1,1);(2,2);(3,1);(4,2);(5,2);(6,2);(7,2);(8,2);(9,2);(10,2);
1610;8;0;19;2;0;16;0;0;10;162;0;(1,1);(2,2);(3,1);(4,2);(5,2);(6,2);(7,2);(8,2);(9,2);(10,2);
1620;8;0;18;2;0;17;0;0;10;163;0;(1,1);(2,2);(3,1);(4,2);(5,2);(6,2);(7,2);(8,2);(9,2);(10,2);
1630;8;0;18;2;0;17;0;0;10;165;0;(1,1);(2,2);(3,1);(4,2);(5,2);(6,2);(7,2);(8,2);(9,2);(10,2);
1640;8;0;18;2;0;17;0;0;10;166;0;(1,1);(2,2);(3,1);(4,2);(5,2);(6,2);(7,2);(8,2);(9,2);(10,2);
1650;8;0;18;2;0;17;0;0;10;167;0;(1,1);(2,2);(3,1);(4,2);(5,2);(6,2);(7,2);(8,2);(9,2);(10,2);
1660;6;0;17;4;0;18;0;0;10;167;0;(1,1);(2,3);(3,1);(4,2);(5,2);(6,2);(7,3);(8,2);(9,2);(10,2);
1670;6;0;17;4;0;18;0;0;10;168;0;(1,1);(2,3);(3,1);(4,2);(5,2);(6,2);(7,3);(8,2);(9,2);(10,2);
1680;5;0;16;5;0;19;0;0;10;169;0;(1,1);(2,3);(3,1);(4,2);(5,2);(6,3);(7,3);(8,2);(9,2);(10,2);
1690;5;0;16;5;0;19;0;0;10;170;0;(1,1);(2,3);(3,1);(4,2);(5,2);(6,3);(7,3);(8,2);(9,2);(10,2);
1700;5;0;16;5;0;19;0;0;10;172;0;(1,1);(2,3);(3,1);(4,2);(5,2);(6,3);(7,3);(8,2);(9,2);(10,2);
1710;5;0;16;5;0;19;0;0;10;173;0;(1,1);(2,3);(3,1);(4,2);(5,2);(6,3);(7,3);(8,2);(9,2);(10,2);
1720;5;0;16;5;0;18;0;0;11;174;0;(1,1);(2,3);(3,1);(4,2);(5,2);(6,3);(7,3);(8,2);(9,2);(10,2);
1730;5;0;16;5;0;18;0;0;11;175;0;(1,1);(2,3);(3,1);(4,2);(5,2);(6,3);(7,3);(8,2);(9,2);(10,2);
1740;5;0;16;5;0;18;0;0;11;176;0;(1,1);(2,3);(3,1);(4,2);(5,2);(6,3);(7,3);(8,2);(9,2);(10,2);
1750;5;0;16;5;0;18;0;0;11;177;0;(1,1);(2,3);(3,1);(4,2);(5,2);(6,3);(7,3);(8,2);(9,2);(10,2);
1760;4;0;15;6;0;19;0;0;11;178;0;(1,1);(2,3);(3,1);(4,3);(5,2);(6,3);(7,3);(8,2);(9,2);(10,2);
1770;4;0;15;6;0;19;0;0;11;179;0;(1,1);(2,3);(3,1);(4,3);(5,2);(6,3);(7,3);(8,2);(9,2);(10,2);
1780;4;0;15;6;0;19;0;0;11;180;0;(1,1);(2,3);(3,1);(4,3);(5,2);(6,3);(7,3);(8,2);(9,2);(10,2);
1790;4;0;15;6;0;19;0;0;11;181;0;(1,1);(2,3);(3,1);(4,3);(5,2);(6,3);(7,3);(8,2);(9,2);(10,2);
1800;3;0;14;7;0;20;0;0;11;182;0;(1,1);(2,3);(3,1);(4,3);(5,2);(6,3);(7,3);(8,3);(9,2);(10,2);
1810;3;0;14;7;0;20;0;0;11;183;0;(1,1);(2,3);(3,1);(4,3);(5,2);(6,3);(7,3);(8,3);(9,2);(10,2);
1820;3;0;14;7;0;20;0;0;11;184;0;(1,1);(2,3);(3,1);(4,3);(5,2);(6,3);(7,3);(8,3);(9,2);(10,2);
1830;3;0;14;7;0;20;0;0;11;186;0;(1,1);(2,3);(3,1);(4,3);(5,2);(6,3);(7,3);(8,3);(9,2);(10,2);
1840;3;0;14;7;0;19;0;0;12;186;0;(1,1);(2,3);(3,1);(4,3);(5,2);(6,3);(7,3);(8,3);(9,2);(10,2);
1850;2;0;13;8;0;20;0;0;12;187;0;(1,1);(2,3);(3,1);(4,3);(5,3);(6,3);(7,3);(8,3);(9,2);(10,2);
1860;2;0;13;8;0;20;0;0;12;188;0;(1,1);(2,3);(3,1);(4,3);(5,3);(6,3);(7,3);(8,3);(9,2);(10,2);
1870;2;0;13;8;0;20;0;0;12;189;0;(1,1);(2,3);(3,1);(4,3);(5,3);(6,3);(7,3);(8,3);(9,2);(10,2);
1880;2;0;13;8;0;20;0;0;12;190;0;(1,1);(2,3);(3,1);(4,3);(5,3);(6,3);(7,3);(8,3);(9,2);(10,2);
1890;2;0;13;8;0;20;0;0;12;191;0;(1,1);(2,3);(3,1);(4,3);(5,3);(6,3);(7,3);(8,3);(9,2);(10,2);
1900;2;0;13;8;0;20;0;0;12;192;0;(1,1);(2,3);(3,1);(4,3);(5,3);(6,3);(7,3);(8,3);(9,2);(10,2);
1910;2;0;13;8;0;20;0;0;12;193;0;(1,1);(2,3);(3,1);(4,3);(5,3);(6,3);(7,3);(8,3);(9,2);(10,2);
1920;2;0;13;8;0;20;0;0;12;193;0;(1,1);(2,3);(3,1);(4,3);(5,3);(6,3);(7,3);(8,3);(9,2);(10,2);
1930;2;0;13;8;0;20;0;0;12;194;0;(1,1);(2,3);(3,1);(4,3);(5,3);(6,3);(7,3);(8,3);(9,2);(10,2);
1940;2;0;13;8;0;20;0;0;12;195;0;(1,1);(2,3);(3,1);(4,3);(5,3);(6,3);(7,3);(8,3);(9,2);(10,2);
1950;1;0;12;9;0;21;0;0;12;196;0;(1,1);(2,3);(3,1);(4,3);(5,3);(6,3);(7,3);(8,3);(9,3);(10,2);
1960;1;0;12;9;0;21;0;0;12;197;0;(1,1);(2,3);(3,1);(4,3);(5,3);(6,3);(7,3);(8,3);(9,3);(10,2);
1970;1;0;12;9;0;21;0;0;12;198;0;(1,1);(2,3);(3,1);(4,3);(5,3);(6,3);(7,3);(8,3);(9,3);(10,2);
1980;1;0;12;9;0;21;0;0;12;199;0;(1,1);(2,3);(3,1);(4,3);(5,3);(6,3);(7,3);(8,3);(9,3);(10,2);
1990;0;0;11;10;0;22;0;0;12;200;0;(1,1);(2,3);(3,1);(4,3);(5,3);(6,3);(7,3);(8,3);(9,3);(10,3);
2000;0;0;16;10;0;22;0;0;12;201;0;(1,1);(2,3);(3,1);(4,3);(5,3);(6,3);(7,3);(8,3);(9,3);(10,3);
2010;0;0;16;10;0;22;0;0;12;202;0;(1,1);(2,3);(3,1);(4,3);(5,3);(6,3);(7,3);(8,3);(9,3);(10,3);
2020;0;0;16;10;0;22;0;0;12;203;0;(1,1);(2,3);(3,1);(4,3);(5,3);(6,3);(7,3);(8,3);(9,3);(10,3);
2030;0;0;16;10;0;22;0;0;12;204;0;(1,1);(2,3);(3,1);(4,3);(5,3);(6,3);(7,3);(8,3);(9,3);(10,3);
2040;0;0;16;10;0;22;0;0;12;204;0;(1,1);(2,3);(3,1);(4,3);(5,3);(6,3);(7,3);(8,3);(9,3);(10,3);
2050;0;0;16;10;0;22;0;0;12;205;0;(1,1);(2,3);(3,1);(4,3);(5,3);(6,3);(7,3);(8,3);(9,3);(10,3);
2060;0;0;16;10;0;21;0;0;13;206;0;(1,1);(2,3);(3,1);(4,3);(5,3);(6,3);(7,3);(8,3);(9,3);(10,3);
2070;0;0;16;10;0;21;0;0;13;206;0;(1,1);(2,3);(3,1);(4,3);(5,3);(6,3);(7,3);(8,3);(9,3);(10,3);
2080;0;0;16;10;0;21;0;0;13;207;0;(1,1);(2,3);(3,1);(4,3);(5,3);(6,3);(7,3);(8,3);(9,3);(10,3);
2090;0;0;16;10;0;21;0;0;13;208;0;(1,1);(2,3);(3,1);(4,3);(5,3);(6,3);(7,3);(8,3);(9,3);(10,3);
2100;0;0;16;10;0;21;0;0;13;209;0;(1,1);(2,3);(3,1);(4,3);(5,3);(6,3);(7,3);(8,3);(9,3);(10,3);
2110;0;0;16;10;0;21;0;0;13;210;0;(1,1);(2,3);(3,1);(4,3);(5,3);(6,3);(7,3);(8,3);(9,3);(10,3);
2120;0;0;16;10;0;21;0;0;13;211;0;(1,1);(2,3);(3,1);(4,3);(5,3);(6,3);(7,3);(8,3);(9,3);(10,3);
2130;0;0;16;10;0;20;0;0;14;212;0;(1,1);(2,3);(3,1);(4,3);(5,3);(6,3);(7,3);(8,3);(9,3);(10,3);
2140;0;0;16;10;0;20;0;0;14;213;0;(1,1);(2,3);(3,1);(4,3);(5,3);(6,3);(7,3);(8,3);(9,3);(10,3);
2150;0;0;16;10;0;20;0;0;14;214;0;(1,1);(2,3);(3,1);(4,3);(5,3);(6,3);(7,3);(8,3);(9,3);(10,3);
2160;0;0;16;10;0;20;0;0;14;215;0;(1,1);(2,3);(3,1);(4,3);(5,3);(6,3);(7,3);(8,3);(9,3);(10,3);
2170;0;0;16;10;0;20;0;0;14;216;0;(1,1);(2,3);(3,1);(4,3);(5,3);(6,3);(7,3);(8,3);(9,3);(10,3);
2180;0;0;16;10;0;20;0;0;14;217;0;(1,1);(2,3);(3,1);(4,3);(5,3);(6,3);(7,3);(8,3);(9,3);(10,3);
2190;0;0;16;10;0;20;0;0;14;218;0;(1,1);(2,3);(3,1);(4,3);(5,3);(6,3);(7,3);(8,3);(9,3);(10,3);
2200;0;0;16;10;0;19;0;0;15;219;0;(1,1);(2,3);(3,1);(4,3);(5,3);(6,3);(7,3);(8,3);(9,3);(10,3);
2210;0;0;16;10;0;19;0;0;15;219;0;(1,1);(2,3);(3,1);(4,3);(5,3);(6,3);(7,3);(8,3);(9,3);(10,3);
2220;0;0;16;10;0;18;0;0;16;220;0;(1,1);(2,3);(3,1);(4,3);(5,3);(6,3);(7,3);(8,3);(9,3);(10,3);
2230;0;0;16;10;0;18;0;0;16;221;0;(1,1);(2,3);(3,1);(4,3);(5,3);(6,3);(7,3);(8,3);(9,3);(10,3);
2240;0;0;16;10;0;18;0;0;16;222;0;(1,1);(2,3);(3,1);(4,3);(5,3);(6,3);(7,3);(8,3);(9,3);(10,3);
2250;0;0;16;10;0;18;0;0;16;223;0;(1,1);(2,3);(3,1);(4,3);(5,3);(6,3);(7,3);(8,3);(9,3);(10,3);
2260;0;0;16;10;0;18;0;0;16;224;0;(1,1);(2,3);(3,1);(4,3);(5,3);(6,3);(7,3);(8,3);(9,3);(10,3);
2270;0;0;16;10;0;18;0;0;16;225;0;(1,1);(2,3);(3,1);(4,3);(5,3);(6,3);(7,3);(8,3);(9,3);(10,3);
2280;0;0;16;10;0;18;0;0;16;226;0;(1,1);(2,3);(3,1);(4,3);(5,3);(6,3);(7,3);(8,3);(9,3);(10,3);
2290;0;0;16;10;0;18;0;0;16;226;0;(1,1);(2,3);(3,1);(4,3);(5,3);(6,3);(7,3);(8,3);(9,3);(10,3);
2300;0;0;16;10;0;18;0;0;16;227;0;(1,1);(2,3);(3,1);(4,3);(5,3);(6,3);(7,3);(8,3);(9,3);(10,3);
2310;0;0;16;10;0;18;0;0;16;228;0;(1,1);(2,3);(3,1);(4,3);(5,3);(6,3);(7,3);(8,3);(9,3);(10,3);
2320;0;0;16;10;0;18;0;0;16;229;0;(1,1);(2,3);(3,1);(4,3);(5,3);(6,3);(7,3);(8,3);(9,3);(10,3);
2330;0;0;16;10;0;18;0;0;16;230;0;(1,1);(2,3);(3,1);(4,3);(5,3);(6,3);(7,3);(8,3);(9,3);(10,3);
2340;0;0;16;10;0;18;0;0;16;231;0;(1,1);(2,3);(3,1);(4,3);(5,3);(6,3);(7,3);(8,3);(9,3);(10,3);
2350;0;0;16;10;0;18;0;0;16;232;0;(1,1);(2,3);(3,1);(4,3);(5,3);(6,3);(7,3);(8,3);(9,3);(10,3);
2360;0;0;16;10;0;18;0;0;16;233;0;(1,1);(2,3);(3,1);(4,3);(5,3);(6,3);(7,3);(8,3);(9,3);(10,3);
2370;0;0;16;10;0;18;0;0;16;233;0;(1,1);(2,3);(3,1);(4,3);(5,3);(6,3);(7,3);(8,3);(9,3);(10,3);
2380;0;0;16;10;0;18;0;0;16;234;0;(1,1);(2,3);(3,1);(4,3);(5,3);(6,3);(7,3);(8,3);(9,3);(10,3);
2390;0;0;16;10;0;18;0;0;16;235;0;(1,1);(2,3);(3,1);(4,3);(5,3);(6,3);(7,3);(8,3);(9,3);(10,3);
2400;0;0;16;10;0;18;0;0;16;236;0;(1,1);(2,3);(3,1);(4,3);(5,3);(6,3);(7,3);(8,3);(9,3);(10,3);
2410;0;0;16;10;0;18;0;0;16;237;0;(1,1);(2,3);(3,1);(4,3);(5,3);(6,3);(7,3);(8,3);(9,3);(10,3);
2420;0;0;16;10;0;18;0;0;16;238;0;(1,1);(2,3);(3,1);(4,3);(5,3);(6,3);(7,3);(8,3);(9,3);(10,3);
2430;0;0;16;10;0;18;0;0;16;238;0;(1,1);(2,3);(3,1);(4,3);(5,3);(6,3);(7,3);(8,3);(9,3);(10,3);
2440;0;0;16;10;0;18;0;0;16;239;0;(1,1);(2,3);(3,1);(4,3);(5,3);(6,3);(7,3);(8,3);(9,3);(10,3);
2450;0;0;16;10;0;18;0;0;16;240;0;(1,1);(2,3);(3,1);(4,3);(5,3);(6,3);(7,3);(8,3);(9,3);(10,3);
2460;0;0;16;10;0;18;0;0;16;241;0;(1,1);(2,3);(3,1);(4,3);(5,3);(6,3);(7,3);(8,3);(9,3);(10,3);
2470;0;0;16;10;0;17;0;0;17;242;0;(1,1);(2,3);(3,1);(4,3);(5,3);(6,3);(7,3);(8,3);(9,3);(10,3);
2480;0;0;16;10;0;17;0;0;17;243;0;(1,1);(2,3);(3,1);(4,3);(5,3);(6,3);(7,3);(8,3);(9,3);(10,3);
2490;0;0;16;10;0;17;0;0;17;244;0;(1,1);(2,3);(3,1);(4,3);(5,3);(6,3);(7,3);(8,3);(9,3);(10,3);
2500;0;0;21;10;0;17;0;0;17;245;0;(1,1);(2,3);(3,1);(4,3);(5,3);(6,3);(7,3);(8,3);(9,3);(10,3);
2510;5;0;21;5;0;17;0;0;17;245;0;(1,1);(2,3);(3,2);(4,3);(5,4);(6,3);(7,4);(8,4);(9,4);(10,3);
2520;5;0;21;5;0;17;0;0;17;246;0;(1,1);(2,3);(3,2);(4,3);(5,4);(6,3);(7,4);(8,4);(9,4);(10,3);
2530;5;0;21;5;0;17;0;0;17;247;0;(1,1);(2,3);(3,2);(4,3);(5,4);(6,3);(7,4);(8,4);(9,4);(10,3);
2540;5;0;21;5;0;17;0;0;17;249;0;(1,1);(2,3);(3,2);(4,3);(5,4);(6,3);(7,4);(8,4);(9,4);(10,3);
2550;5;0;21;5;0;17;0;0;17;250;0;(1,1);(2,3);(3,2);(4,3);(5,4);(6,3);(7,4);(8,4);(9,4);(10,3);
2560;5;0;21;5;0;17;0;0;17;251;0;(1,1);(2,3);(3,2);(4,3);(5,4);(6,3);(7,4);(8,4);(9,4);(10,3);
2570;5;0;21;5;0;17;0;0;17;252;0;(1,1);(2,3);(3,2);(4,3);(5,4);(6,3);(7,4);(8,4);(9,4);(10,3);
2580;5;0;21;5;0;17;0;0;17;254;0;(1,1);(2,3);(3,2);(4,3);(5,4);(6,3);(7,4);(8,4);(9,4);(10,3);
2590;5;0;21;5;0;16;0;0;18;255;0;(1,1);(2,3);(3,2);(4,3);(5,4);(6,3);(7,4);(8,4);(9,4);(10,3);
2600;5;0;21;5;0;16;0;0;18;256;0;(1,1);(2,3);(3,2);(4,3);(5,4);(6,3);(7,4);(8,4);(9,4);(10,3);
2610;5;0;21;5;0;16;0;0;18;257;0;(1,1);(2,3);(3,2);(4,3);(5,4);(6,3);(7,4);(8,4);(9,4);(10,3);
2620;5;0;21;5;0;16;0;0;18;258;0;(1,1);(2,3);(3,2);(4,3);(5,4);(6,3);(7,4);(8,4);(9,4);(10,3);
2630;5;0;20;5;0;17;0;0;18;259;0;(1,1);(2,3);(3,2);(4,3);(5,4);(6,3);(7,4);(8,4);(9,4);(10,3);
2640;5;0;20;5;0;17;0;0;18;260;0;(1,1);(2,3);(3,2);(4,3);(5,4);(6,3);(7,4);(8,4);(9,4);(10,3);
2650;5;0;20;5;0;16;0;0;19;261;0;(1,1);(2,3);(3,2);(4,3);(5,4);(6,3);(7,4);(8,4);(9,4);(10,3);
2660;5;0;20;5;0;16;0;0;19;262;0;(1,1);(2,3);(3,2);(4,3);(5,4);(6,3);(7,4);(8,4);(9,4);(10,3);
2670;5;0;20;5;0;16;0;0;19;263;0;(1,1);(2,3);(3,2);(4,3);(5,4);(6,3);(7,4);(8,4);(9,4);(10,3);
2680;3;0;19;4;0;16;3;0;20;264;0;(1,1);(2,3);(3,3);(4,3);(5,5);(6,5);(7,4);(8,4);(9,4);(10,3);
2690;3;0;19;4;0;16;3;0;20;265;0;(1,1);(2,3);(3,3);(4,3);(5,5);(6,5);(7,4);(8,4);(9,4);(10,3);
2700;3;0;19;4;0;16;3;0;20;266;0;(1,1);(2,3);(3,3);(4,3);(5,5);(6,5);(7,4);(8,4);(9,4);(10,3);
2710;3;0;19;4;0;16;3;0;20;267;0;(1,1);(2,3);(3,3);(4,3);(5,5);(6,5);(7,4);(8,4);(9,4);(10,3);
2720;3;0;19;3;0;16;4;0;20;268;0;(1,1);(2,4);(3,3);(4,3);(5,5);(6,5);(7,4);(8,4);(9,4);(10,3);
2730;3;0;19;2;0;15;5;0;21;269;0;(1,1);(2,4);(3,3);(4,4);(5,5);(6,5);(7,4);(8,4);(9,4);(10,3);
2740;3;0;19;2;0;15;5;0;21;270;0;(1,1);(2,4);(3,3);(4,4);(5,5);(6,5);(7,4);(8,4);(9,4);(10,3);
2750;3;0;19;2;0;15;5;0;21;271;0;(1,1);(2,4);(3,3);(4,4);(5,5);(6,5);(7,4);(8,4);(9,4);(10,3);
2760;3;0;18;2;0;16;5;0;21;272;0;(1,1);(2,4);(3,3);(4,4);(5,5);(6,5);(7,4);(8,4);(9,4);(10,3);
2770;1;0;17;2;0;17;7;0;21;273;0;(1,1);(2,4);(3,3);(4,4);(5,5);(6,5);(7,5);(8,5);(9,4);(10,3);
2780;1;0;17;2;0;16;7;0;22;274;0;(1,1);(2,4);(3,3);(4,4);(5,5);(6,5);(7,5);(8,5);(9,4);(10,3);
2790;1;0;17;2;0;16;7;0;22;275;0;(1,1);(2,4);(3,3);(4,4);(5,5);(6,5);(7,5);(8,5);(9,4);(10,3);
2800;1;0;17;2;0;16;7;0;22;276;0;(1,1);(2,4);(3,3);(4,4);(5,5);(6,5);(7,5);(8,5);(9,4);(10,3);
2810;1;0;17;2;0;16;7;0;22;277;0;(1,1);(2,4);(3,3);(4,4);(5,5);(6,5);(7,5);(8,5);(9,4);(10,3);
2820;1;0;17;2;0;16;7;0;22;278;0;(1,1);(2,4);(3,3);(4,4);(5,5);(6,5);(7,5);(8,5);(9,4);(10,3);
2830;1;0;17;2;0;16;7;0;22;279;0;(1,1);(2,4);(3,3);(4,4);(5,5);(6,5);(7,5);(8,5);(9,4);(10,3);
2840;1;0;17;1;0;16;8;0;22;280;0;(1,2);(2,4);(3,3);(4,4);(5,5);(6,5);(7,5);(8,5);(9,4);(10,3);
2850;1;0;17;1;0;16;8;0;22;282;0;(1,2);(2,4);(3,3);(4,4);(5,5);(6,5);(7,5);(8,5);(9,4);(10,3);
2860;1;0;17;0;0;16;9;0;22;283;0;(1,2);(2,4);(3,3);(4,4);(5,5);(6,5);(7,5);(8,5);(9,4);(10,4);
2870;1;0;17;0;0;16;9;0;22;284;0;(1,2);(2,4);(3,3);(4,4);(5,5);(6,5);(7,5);(8,5);(9,4);(10,4);
2880;1;0;17;0;0;16;9;0;22;286;0;(1,2);(2,4);(3,3);(4,4);(5,5);(6,5);(7,5);(8,5);(9,4);(10,4);
2890;1;0;17;0;0;16;9;0;22;287;0;(1,2);(2,4);(3,3);(4,4);(5,5);(6,5);(7,5);(8,5);(9,4);(10,4);
2900;1;0;17;0;0;16;9;0;22;289;0;(1,2);(2,4);(3,3);(4,4);(5,5);(6,5);(7,5);(8,5);(9,4);(10,4);
2910;1;0;17;0;0;16;9;0;22;290;0;(1,2);(2,4);(3,3);(4,4);(5,5);(6,5);(7,5);(8,5);(9,4);(10,4);
2920;1;0;17;0;0;16;9;0;22;292;0;(1,2);(2,4);(3,3);(4,4);(5,5);(6,5);(7,5);(8,5);(9,4);(10,4);
2930;1;0;17;0;0;16;9;0;22;293;0;(1,2);(2,4);(3,3);(4,4);(5,5);(6,5);(7,5);(8,5);(9,4);(10,4);
2940;1;0;17;0;0;16;9;0;22;295;0;(1,2);(2,4);(3,3);(4,4);(5,5);(6,5);(7,5);(8,5);(9,4);(10,4);
2950;0;0;16;0;0;17;10;0;22;296;0;(1,2);(2,4);(3,3);(4,4);(5,5);(6,5);(7,5);(8,5);(9,5);(10,4);
2960;0;0;16;0;0;17;10;0;22;297;0;(1,2);(2,4);(3,3);(4,4);(5,5);(6,5);(7,5);(8,5);(9,5);(10,4);
2970;0;0;16;0;0;17;10;0;22;299;0;(1,2);(2,4);(3,3);(4,4);(5,5);(6,5);(7,5);(8,5);(9,5);(10,4);
2980;0;0;16;0;0;17;10;0;22;301;0;(1,2);(2,4);(3,3);(4,4);(5,5);(6,5);(7,5);(8,5);(9,5);(10,4);
2990;0;0;16;0;0;17;10;0;22;302;0;(1,2);(2,4);(3,3);(4,4);(5,5);(6,5);(7,5);(8,5);(9,5);(10,4);
3000;0;0;21;0;0;17;10;0;22;304;0;(1,2);(2,4);(3,3);(4,4);(5,5);(6,5);(7,5);(8,5);(9,5);(10,4);
3010;0;0;21;0;0;17;10;0;22;306;0;(1,2);(2,4);(3,3);(4,4);(5,5);(6,5);(7,5);(8,5);(9,5);(10,4);
3020;0;0;21;0;0;17;10;0;22;307;0;(1,2);(2,4);(3,3);(4,4);(5,5);(6,5);(7,5);(8,5);(9,5);(10,4);
3030;0;0;21;0;0;17;10;0;22;309;0;(1,2);(2,4);(3,3);(4,4);(5,5);(6,5);(7,5);(8,5);(9,5);(10,4);
3040;0;0;21;0;0;17;10;0;22;310;0;(1,2);(2,4);(3,3);(4,4);(5,5);(6,5);(7,5);(8,5);(9,5);(10,4);
3050;0;0;21;0;0;17;10;0;22;312;0;(1,2);(2,4);(3,3);(4,4);(5,5);(6,5);(7,5);(8,5);(9,5);(10,4);
3060;0;0;21;0;0;17;10;0;22;313;0;(1,2);(2,4);(3,3);(4,4);(5,5);(6,5);(7,5);(8,5);(9,5);(10,4);
3070;0;0;21;0;0;17;10;0;22;315;0;(1,2);(2,4);(3,3);(4,4);(5,5);(6,5);(7,5);(8,5);(9,5);(10,4);
3080;0;0;21;0;0;17;10;0;22;316;0;(1,2);(2,4);(3,3);(4,4);(5,5);(6,5);(7,5);(8,5);(9,5);(10,4);
3090;0;0;21;0;0;17;10;0;22;318;0;(1,2);(2,4);(3,3);(4,4);(5,5);(6,5);(7,5);(8,5);(9,5);(10,4);
3100;0;0;21;0;0;17;10;0;22;319;0;(1,2);(2,4);(3,3);(4,4);(5,5);(6,5);(7,5);(8,5);(9,5);(10,4);
3110;0;0;21;0;0;17;10;0;22;321;0;(1,2);(2,4);(3,3);(4,4);(5,5);(6,5);(7,5);(8,5);(9,5);(10,4);
3120;0;0;21;0;0;17;10;0;22;322;0;(1,2);(2,4);(3,3);(4,4);(5,5);(6,5);(7,5);(8,5);(9,5);(10,4);
3130;0;0;21;0;0;17;10;0;21;324;1;(1,2);(2,4);(3,3);(4,4);(5,5);(6,5);(7,5);(8,5);(9,5);(10,4);
3140;0;0;21;0;0;17;10;0;21;325;1;(1,2);(2,4);(3,3);(4,4);(5,5);(6,5);(7,5);(8,5);(9,5);(10,4);
3150;0;0;21;0;0;17;10;0;21;326;1;(1,2);(2,4);(3,3);(4,4);(5,5);(6,5);(7,5);(8,5);(9,5);(10,4);
3160;0;0;21;0;0;17;10;0;21;327;1;(1,2);(2,4);(3,3);(4,4);(5,5);(6,5);(7,5);(8,5);(9,5);(10,4);
3170;0;0;21;0;0;17;10;0;20;329;2;(1,2);(2,4);(3,3);(4,4);(5,5);(6,5);(7,5);(8,5);(9,5);(10,4);
3180;0;0;21;0;0;17;10;0;20;329;2;(1,2);(2,4);(3,3);(4,4);(5,5);(6,5);(7,5);(8,5);(9,5);(10,4);
3190;0;0;21;0;0;17;10;0;19;330;3;(1,2);(2,4);(3,3);(4,4);(5,5);(6,5);(7,5);(8,5);(9,5);(10,4);
3200;0;0;21;0;0;17;10;0;18;331;4;(1,2);(2,4);(3,3);(4,4);(5,5);(6,5);(7,5);(8,5);(9,5);(10,4);
3210;0;0;21;0;0;17;10;0;17;332;5;(1,2);(2,4);(3,3);(4,4);(5,5);(6,5);(7,5);(8,5);(9,5);(10,4);
3220;0;0;21;0;0;17;10;0;17;334;5;(1,2);(2,4);(3,3);(4,4);(5,5);(6,5);(7,5);(8,5);(9,5);(10,4);
3230;0;0;21;0;0;17;10;0;17;335;5;(1,2);(2,4);(3,3);(4,4);(5,5);(6,5);(7,5);(8,5);(9,5);(10,4);
3240;0;0;21;0;0;17;10;0;16;336;6;(1,2);(2,4);(3,3);(4,4);(5,5);(6,5);(7,5);(8,5);(9,5);(10,4);
3250;0;0;21;0;0;17;10;0;16;338;6;(1,2);(2,4);(3,3);(4,4);(5,5);(6,5);(7,5);(8,5);(9,5);(10,4);
3260;0;0;21;0;0;17;10;0;16;339;6;(1,2);(2,4);(3,3);(4,4);(5,5);(6,5);(7,5);(8,5);(9,5);(10,4);
3270;0;0;21;0;0;17;10;0;16;341;6;(1,2);(2,4);(3,3);(4,4);(5,5);(6,5);(7,5);(8,5);(9,5);(10,4);
3280;0;0;21;0;0;17;10;0;16;343;6;(1,2);(2,4);(3,3);(4,4);(5,5);(6,5);(7,5);(8,5);(9,5);(10,4);
3290;0;0;21;0;0;17;10;0;16;345;6;(1,2);(2,4);(3,3);(4,4);(5,5);(6,5);(7,5);(8,5);(9,5);(10,4);
3300;0;0;21;0;0;17;10;0;16;347;6;(1,2);(2,4);(3,3);(4,4);(5,5);(6,5);(7,5);(8,5);(9,5);(10,4);
3310;0;0;21;0;0;17;10;0;16;349;6;(1,2);(2,4);(3,3);(4,4);(5,5);(6,5);(7,5);(8,5);(9,5);(10,4);
3320;0;0;21;0;0;17;10;0;16;350;6;(1,2);(2,4);(3,3);(4,4);(5,5);(6,5);(7,5);(8,5);(9,5);(10,4);
3330;0;0;21;0;0;17;10;0;16;352;6;(1,2);(2,4);(3,3);(4,4);(5,5);(6,5);(7,5);(8,5);(9,5);(10,4);
3340;0;0;21;0;0;17;10;0;16;354;6;(1,2);(2,4);(3,3);(4,4);(5,5);(6,5);(7,5);(8,5);(9,5);(10,4);
3350;0;0;21;0;0;17;10;0;16;355;6;(1,2);(2,4);(3,3);(4,4);(5,5);(6,5);(7,5);(8,5);(9,5);(10,4);
3360;0;0;21;0;0;17;10;0;16;357;6;(1,2);(2,4);(3,3);(4,4);(5,5);(6,5);(7,5);(8,5);(9,5);(10,4);
3370;1;0;21;0;0;17;9;0;16;359;6;(1,2);(2,4);(3,3);(4,4);(5,5);(6,5);(7,5);(8,5);(9,5);(10,5);
3380;1;0;21;0;0;17;9;0;16;360;6;(1,2);(2,4);(3,3);(4,4);(5,5);(6,5);(7,5);(8,5);(9,5);(10,5);
3390;1;0;21;0;0;17;9;0;16;362;6;(1,2);(2,4);(3,3);(4,4);(5,5);(6,5);(7,5);(8,5);(9,5);(10,5);
3400;1;0;21;0;0;17;9;0;16;364;6;(1,2);(2,4);(3,3);(4,4);(5,5);(6,5);(7,5);(8,5);(9,5);(10,5);
3410;1;0;21;0;0;17;9;0;16;366;6;(1,2);(2,4);(3,3);(4,4);(5,5);(6,5);(7,5);(8,5);(9,5);(10,5);
3420;1;0;21;0;0;17;9;0;16;368;6;(1,2);(2,4);(3,3);(4,4);(5,5);(6,5);(7,5);(8,5);(9,5);(10,5);
3430;1;0;21;0;0;17;9;0;16;370;6;(1,2);(2,4);(3,3);(4,4);(5,5);(6,5);(7,5);(8,5);(9,5);(10,5);
3440;1;0;21;0;0;17;9;0;16;372;6;(1,2);(2,4);(3,3);(4,4);(5,5);(6,5);(7,5);(8,5);(9,5);(10,5);
3450;1;0;21;0;0;17;9;0;16;374;6;(1,2);(2,4);(3,3);(4,4);(5,5);(6,5);(7,5);(8,5);(9,5);(10,5);
3460;1;0;21;0;0;17;9;0;16;376;6;(1,2);(2,4);(3,3);(4,4);(5,5);(6,5);(7,5);(8,5);(9,5);(10,5);
3470;1;0;21;0;0;17;9;0;16;377;6;(1,2);(2,4);(3,3);(4,4);(5,5);(6,5);(7,5);(8,5);(9,5);(10,5);
3480;1;0;21;0;0;17;9;0;15;379;7;(1,2);(2,4);(3,3);(4,4);(5,5);(6,5);(7,5);(8,5);(9,5);(10,5);
3490;1;0;21;0;0;17;9;0;15;381;7;(1,2);(2,4);(3,3);(4,4);(5,5);(6,5);(7,5);(8,5);(9,5);(10,5);
3500;1;0;26;0;0;17;9;0;15;382;7;(1,2);(2,4);(3,3);(4,4);(5,5);(6,5);(7,5);(8,5);(9,5);(10,5);
3510;1;0;26;0;0;17;9;0;15;384;7;(1,2);(2,4);(3,3);(4,4);(5,5);(6,5);(7,5);(8,5);(9,5);(10,5);
3520;2;0;26;0;0;17;8;0;15;386;7;(1,2);(2,4);(3,3);(4,4);(5,6);(6,5);(7,5);(8,5);(9,5);(10,5);
3530;2;0;26;0;0;17;8;0;15;387;7;(1,2);(2,4);(3,3);(4,4);(5,6);(6,5);(7,5);(8,5);(9,5);(10,5);
3540;3;0;26;0;0;17;7;0;14;389;8;(1,2);(2,4);(3,3);(4,5);(5,6);(6,5);(7,5);(8,5);(9,5);(10,5);
3550;3;0;26;0;0;17;7;0;14;391;8;(1,2);(2,4);(3,3);(4,5);(5,6);(6,5);(7,5);(8,5);(9,5);(10,5);
3560;4;0;26;0;0;17;6;0;14;392;8;(1,2);(2,5);(3,3);(4,5);(5,6);(6,5);(7,5);(8,5);(9,5);(10,5);
3570;4;0;26;0;0;17;6;0;14;394;8;(1,2);(2,5);(3,3);(4,5);(5,6);(6,5);(7,5);(8,5);(9,5);(10,5);
3580;6;0;26;0;0;17;4;0;14;395;8;(1,2);(2,5);(3,4);(4,5);(5,6);(6,5);(7,6);(8,5);(9,5);(10,5);
3590;6;0;26;0;0;17;4;0;14;396;8;(1,2);(2,5);(3,4);(4,5);(5,6);(6,5);(7,6);(8,5);(9,5);(10,5);
3600;7;0;26;0;0;17;3;0;14;398;8;(1,2);(2,5);(3,4);(4,5);(5,6);(6,6);(7,6);(8,5);(9,5);(10,5);
3610;7;0;26;0;0;17;3;0;14;399;8;(1,2);(2,5);(3,4);(4,5);(5,6);(6,6);(7,6);(8,5);(9,5);(10,5);
3620;7;0;26;0;0;17;3;0;14;400;8;(1,2);(2,5);(3,4);(4,5);(5,6);(6,6);(7,6);(8,5);(9,5);(10,5);
3630;7;0;26;0;0;17;3;0;14;402;8;(1,2);(2,5);(3,4);(4,5);(5,6);(6,6);(7,6);(8,5);(9,5);(10,5);
3640;7;0;25;0;0;18;3;0;13;403;9;(1,2);(2,5);(3,4);(4,5);(5,6);(6,6);(7,6);(8,5);(9,5);(10,5);
3650;7;0;25;0;0;18;3;0;13;404;9;(1,2);(2,5);(3,4);(4,5);(5,6);(6,6);(7,6);(8,5);(9,5);(10,5);
3660;7;0;25;0;0;18;3;0;13;405;9;(1,2);(2,5);(3,4);(4,5);(5,6);(6,6);(7,6);(8,5);(9,5);(10,5);
3670;7;0;25;0;0;18;3;0;13;406;9;(1,2);(2,5);(3,4);(4,5);(5,6);(6,6);(7,6);(8,5);(9,5);(10,5);
3680;7;0;25;0;0;18;3;0;13;408;9;(1,2);(2,5);(3,4);(4,5);(5,6);(6,6);(7,6);(8,5);(9,5);(10,5);
3690;7;0;25;0;0;18;3;0;13;409;9;(1,2);(2,5);(3,4);(4,5);(5,6);(6,6);(7,6);(8,5);(9,5);(10,5);
3700;7;0;25;0;0;18;3;0;13;411;9;(1,2);(2,5);(3,4);(4,5);(5,6);(6,6);(7,6);(8,5);(9,5);(10,5);
3710;7;0;25;0;0;18;3;0;13;412;9;(1,2);(2,5);(3,4);(4,5);(5,6);(6,6);(7,6);(8,5);(9,5);(10,5);
3720;7;0;24;0;0;19;3;0;13;413;9;(1,2);(2,5);(3,4);(4,5);(5,6);(6,6);(7,6);(8,5);(9,5);(10,5);
3730;7;0;24;0;0;19;3;0;13;414;9;(1,2);(2,5);(3,4);(4,5);(5,6);(6,6);(7,6);(8,5);(9,5);(10,5);
3740;7;0;24;0;0;19;3;0;13;416;9;(1,2);(2,5);(3,4);(4,5);(5,6);(6,6);(7,6);(8,5);(9,5);(10,5);
3750;7;0;22;0;0;21;3;0;13;417;9;(1,2);(2,5);(3,4);(4,5);(5,6);(6,6);(7,6);(8,5);(9,5);(10,5);
3760;7;0;22;0;0;21;3;0;13;418;9;(1,2);(2,5);(3,4);(4,5);(5,6);(6,6);(7,6);(8,5);(9,5);(10,5);
3770;4;0;21;3;0;22;3;0;13;420;9;(1,2);(2,5);(3,5);(4,6);(5,6);(6,7);(7,6);(8,5);(9,5);(10,5);
3780;4;0;21;3;0;22;3;0;13;421;9;(1,2);(2,5);(3,5);(4,6);(5,6);(6,7);(7,6);(8,5);(9,5);(10,5);
3790;4;0;21;3;0;22;3;0;13;422;9;(1,2);(2,5);(3,5);(4,6);(5,6);(6,7);(7,6);(8,5);(9,5);(10,5);
3800;4;0;21;3;0;22;3;0;13;423;9;(1,2);(2,5);(3,5);(4,6);(5,6);(6,7);(7,6);(8,5);(9,5);(10,5);
3810;3;0;20;4;0;23;3;0;13;425;9;(1,2);(2,5);(3,5);(4,6);(5,6);(6,7);(7,7);(8,5);(9,5);(10,5);
3820;3;0;20;4;0;23;3;0;13;426;9;(1,2);(2,5);(3,5);(4,6);(5,6);(6,7);(7,7);(8,5);(9,5);(10,5);
3830;2;0;19;5;0;24;3;0;13;427;9;(1,2);(2,6);(3,5);(4,6);(5,6);(6,7);(7,7);(8,5);(9,5);(10,5);
3840;2;0;19;6;0;24;2;0;13;428;9;(1,2);(2,6);(3,5);(4,6);(5,6);(6,7);(7,7);(8,5);(9,6);(10,5);
3850;2;0;19;6;0;24;2;0;13;429;9;(1,2);(2,6);(3,5);(4,6);(5,6);(6,7);(7,7);(8,5);(9,6);(10,5);
3860;2;0;19;6;0;24;2;0;13;431;9;(1,2);(2,6);(3,5);(4,6);(5,6);(6,7);(7,7);(8,5);(9,6);(10,5);
3870;2;0;19;7;0;24;1;0;13;432;9;(1,3);(2,6);(3,5);(4,6);(5,6);(6,7);(7,7);(8,5);(9,6);(10,5);
3880;2;0;19;7;0;24;1;0;13;433;9;(1,3);(2,6);(3,5);(4,6);(5,6);(6,7);(7,7);(8,5);(9,6);(10,5);
3890;2;0;19;7;0;24;1;0;13;434;9;(1,3);(2,6);(3,5);(4,6);(5,6);(6,7);(7,7);(8,5);(9,6);(10,5);
3900;2;0;19;7;0;24;1;0;13;435;9;(1,3);(2,6);(3,5);(4,6);(5,6);(6,7);(7,7);(8,5);(9,6);(10,5);
3910;2;0;19;7;0;24;1;0;13;436;9;(1,3);(2,6);(3,5);(4,6);(5,6);(6,7);(7,7);(8,5);(9,6);(10,5);
3920;2;0;19;7;0;24;1;0;13;437;9;(1,3);(2,6);(3,5);(4,6);(5,6);(6,7);(7,7);(8,5);(9,6);(10,5);
3930;2;0;19;7;0;24;1;0;13;438;9;(1,3);(2,6);(3,5);(4,6);(5,6);(6,7);(7,7);(8,5);(9,6);(10,5);
3940;2;0;19;7;0;24;1;0;13;439;9;(1,3);(2,6);(3,5);(4,6);(5,6);(6,7);(7,7);(8,5);(9,6);(10,5);
3950;2;0;19;7;0;24;1;0;13;440;9;(1,3);(2,6);(3,5);(4,6);(5,6);(6,7);(7,7);(8,5);(9,6);(10,5);
3960;2;0;19;7;0;24;1;0;13;441;9;(1,3);(2,6);(3,5);(4,6);(5,6);(6,7);(7,7);(8,5);(9,6);(10,5);
3970;2;0;19;8;0;24;0;0;13;442;9;(1,3);(2,6);(3,5);(4,6);(5,6);(6,7);(7,7);(8,6);(9,6);(10,5);
3980;2;0;19;8;0;24;0;0;13;443;9;(1,3);(2,6);(3,5);(4,6);(5,6);(6,7);(7,7);(8,6);(9,6);(10,5);
3990;2;0;19;8;0;24;0;0;13;444;9;(1,3);(2,6);(3,5);(4,6);(5,6);(6,7);(7,7);(8,6);(9,6);(10,5);
4000;1;0;23;9;0;25;0;0;13;445;9;(1,3);(2,6);(3,5);(4,6);(5,7);(6,7);(7,7);(8,6);(9,6);(10,5);
4010;1;0;23;9;0;25;0;0;13;445;9;(1,3);(2,6);(3,5);(4,6);(5,7);(6,7);(7,7);(8,6);(9,6);(10,5);
4020;1;0;23;9;0;25;0;0;13;446;9;(1,3);(2,6);(3,5);(4,6);(5,7);(6,7);(7,7);(8,6);(9,6);(10,5);
4030;1;0;23;9;0;25;0;0;13;447;9;(1,3);(2,6);(3,5);(4,6);(5,7);(6,7);(7,7);(8,6);(9,6);(10,5);
4040;1;0;23;9;0;25;0;0;13;448;9;(1,3);(2,6);(3,5);(4,6);(5,7);(6,7);(7,7);(8,6);(9,6);(10,5);
4050;1;0;23;9;0;25;0;0;13;449;9;(1,3);(2,6);(3,5);(4,6);(5,7);(6,7);(7,7);(8,6);(9,6);(10,5);
4060;1;0;23;9;0;25;0;0;13;450;9;(1,3);(2,6);(3,5);(4,6);(5,7);(6,7);(7,7);(8,6);(9,6);(10,5);
4070;1;0;23;9;0;25;0;0;13;451;9;(1,3);(2,6);(3,5);(4,6);(5,7);(6,7);(7,7);(8,6);(9,6);(10,5);
4080;1;0;23;9;0;25;0;0;13;452;9;(1,3);(2,6);(3,5);(4,6);(5,7);(6,7);(7,7);(8,6);(9,6);(10,5);
4090;1;0;23;9;0;25;0;0;13;453;9;(1,3);(2,6);(3,5);(4,6);(5,7);(6,7);(7,7);(8,6);(9,6);(10,5);
4100;1;0;23;9;0;25;0;0;13;454;9;(1,3);(2,6);(3,5);(4,6);(5,7);(6,7);(7,7);(8,6);(9,6);(10,5);
4110;1;0;23;9;0;25;0;0;13;455;9;(1,3);(2,6);(3,5);(4,6);(5,7);(6,7);(7,7);(8,6);(9,6);(10,5);
4120;1;0;23;9;0;24;0;0;14;456;9;(1,3);(2,6);(3,5);(4,6);(5,7);(6,7);(7,7);(8,6);(9,6);(10,5);
4130;1;0;23;9;0;24;0;0;14;457;9;(1,3);(2,6);(3,5);(4,6);(5,7);(6,7);(7,7);(8,6);(9,6);(10,5);
4140;1;0;23;9;0;24;0;0;14;458;9;(1,3);(2,6);(3,5);(4,6);(5,7);(6,7);(7,7);(8,6);(9,6);(10,5);
4150;1;0;23;9;0;24;0;0;14;459;9;(1,3);(2,6);(3,5);(4,6);(5,7);(6,7);(7,7);(8,6);(9,6);(10,5);
4160;1;0;23;9;0;24;0;0;14;460;9;(1,3);(2,6);(3,5);(4,6);(5,7);(6,7);(7,7);(8,6);(9,6);(10,5);
4170;1;0;23;9;0;24;0;0;14;461;9;(1,3);(2,6);(3,5);(4,6);(5,7);(6,7);(7,7);(8,6);(9,6);(10,5);
4180;1;0;23;9;0;24;0;0;14;462;9;(1,3);(2,6);(3,5);(4,6);(5,7);(6,7);(7,7);(8,6);(9,6);(10,5);
4190;1;0;23;9;0;24;0;0;14;463;9;(1,3);(2,6);(3,5);(4,6);(5,7);(6,7);(7,7);(8,6);(9,6);(10,5);
4200;5;0;23;5;0;23;0;0;15;464;9;(1,4);(2,7);(3,5);(4,6);(5,8);(6,7);(7,7);(8,7);(9,6);(10,5);
4210;5;0;23;5;0;23;0;0;15;465;9;(1,4);(2,7);(3,5);(4,6);(5,8);(6,7);(7,7);(8,7);(9,6);(10,5);
4220;5;0;23;5;0;23;0;0;15;466;9;(1,4);(2,7);(3,5);(4,6);(5,8);(6,7);(7,7);(8,7);(9,6);(10,5);
4230;5;0;23;5;0;22;0;0;16;467;9;(1,4);(2,7);(3,5);(4,6);(5,8);(6,7);(7,7);(8,7);(9,6);(10,5);
4240;5;0;23;5;0;22;0;0;16;468;9;(1,4);(2,7);(3,5);(4,6);(5,8);(6,7);(7,7);(8,7);(9,6);(10,5);
4250;6;0;23;4;0;22;0;0;16;470;9;(1,4);(2,7);(3,5);(4,7);(5,8);(6,7);(7,7);(8,7);(9,6);(10,5);
4260;6;0;23;4;0;22;0;0;16;471;9;(1,4);(2,7);(3,5);(4,7);(5,8);(6,7);(7,7);(8,7);(9,6);(10,5);
4270;6;0;23;4;0;22;0;0;16;473;9;(1,4);(2,7);(3,5);(4,7);(5,8);(6,7);(7,7);(8,7);(9,6);(10,5);
4280;7;0;23;3;0;21;0;0;17;474;9;(1,4);(2,7);(3,5);(4,7);(5,8);(6,8);(7,7);(8,7);(9,6);(10,5);
4290;7;0;23;3;0;21;0;0;17;475;9;(1,4);(2,7);(3,5);(4,7);(5,8);(6,8);(7,7);(8,7);(9,6);(10,5);
4300;7;0;23;3;0;21;0;0;17;476;9;(1,4);(2,7);(3,5);(4,7);(5,8);(6,8);(7,7);(8,7);(9,6);(10,5);
4310;7;0;23;3;0;21;0;0;17;477;9;(1,4);(2,7);(3,5);(4,7);(5,8);(6,8);(7,7);(8,7);(9,6);(10,5);
4320;7;0;23;3;0;21;0;0;17;478;9;(1,4);(2,7);(3,5);(4,7);(5,8);(6,8);(7,7);(8,7);(9,6);(10,5);
4330;8;0;23;2;0;21;0;0;17;480;9;(1,4);(2,7);(3,5);(4,7);(5,8);(6,8);(7,7);(8,7);(9,7);(10,5);
4340;8;0;23;2;0;21;0;0;17;481;9;(1,4);(2,7);(3,5);(4,7);(5,8);(6,8);(7,7);(8,7);(9,7);(10,5);
4350;8;0;23;2;0;20;0;0;18;481;9;(1,4);(2,7);(3,5);(4,7);(5,8);(6,8);(7,7);(8,7);(9,7);(10,5);
4360;8;0;23;2;0;20;0;0;18;482;9;(1,4);(2,7);(3,5);(4,7);(5,8);(6,8);(7,7);(8,7);(9,7);(10,5);
4370;8;0;23;2;0;20;0;0;18;483;9;(1,4);(2,7);(3,5);(4,7);(5,8);(6,8);(7,7);(8,7);(9,7);(10,5);
4380;8;0;23;2;0;20;0;0;18;485;9;(1,4);(2,7);(3,5);(4,7);(5,8);(6,8);(7,7);(8,7);(9,7);(10,5);
4390;8;0;23;2;0;20;0;0;18;486;9;(1,4);(2,7);(3,5);(4,7);(5,8);(6,8);(7,7);(8,7);(9,7);(10,5);
4400;8;0;22;2;0;21;0;0;18;487;9;(1,4);(2,7);(3,5);(4,7);(5,8);(6,8);(7,7);(8,7);(9,7);(10,5);
4410;8;0;22;2;0;21;0;0;18;488;9;(1,4);(2,7);(3,5);(4,7);(5,8);(6,8);(7,7);(8,7);(9,7);(10,5);
4420;8;0;22;2;0;21;0;0;18;489;9;(1,4);(2,7);(3,5);(4,7);(5,8);(6,8);(7,7);(8,7);(9,7);(10,5);
4430;9;0;22;1;0;21;0;0;18;490;9;(1,4);(2,7);(3,6);(4,7);(5,8);(6,8);(7,7);(8,7);(9,7);(10,5);
4440;9;0;22;1;0;21;0;0;18;492;9;(1,4);(2,7);(3,6);(4,7);(5,8);(6,8);(7,7);(8,7);(9,7);(10,5);
4450;9;0;22;1;0;21;0;0;18;493;9;(1,4);(2,7);(3,6);(4,7);(5,8);(6,8);(7,7);(8,7);(9,7);(10,5);
4460;5;0;21;5;0;22;0;0;18;494;9;(1,4);(2,8);(3,7);(4,8);(5,9);(6,8);(7,7);(8,7);(9,7);(10,5);
4470;4;0;20;6;0;23;0;0;18;495;9;(1,5);(2,8);(3,7);(4,8);(5,9);(6,8);(7,7);(8,7);(9,7);(10,5);
4480;4;0;20;6;0;22;0;0;19;496;9;(1,5);(2,8);(3,7);(4,8);(5,9);(6,8);(7,7);(8,7);(9,7);(10,5);
4490;4;0;20;6;0;22;0;0;19;497;9;(1,5);(2,8);(3,7);(4,8);(5,9);(6,8);(7,7);(8,7);(9,7);(10,5);
4500;3;0;24;7;0;23;0;0;19;498;9;(1,5);(2,8);(3,7);(4,8);(5,9);(6,9);(7,7);(8,7);(9,7);(10,5);
4510;8;0;24;2;0;23;0;0;19;499;9;(1,6);(2,9);(3,8);(4,8);(5,10);(6,10);(7,7);(8,7);(9,7);(10,5);
4520;8;0;24;2;0;23;0;0;19;500;9;(1,6);(2,9);(3,8);(4,8);(5,10);(6,10);(7,7);(8,7);(9,7);(10,5);
4530;8;0;24;2;0;23;0;0;19;501;9;(1,6);(2,9);(3,8);(4,8);(5,10);(6,10);(7,7);(8,7);(9,7);(10,5);
4540;8;0;24;2;0;23;0;0;19;503;9;(1,6);(2,9);(3,8);(4,8);(5,10);(6,10);(7,7);(8,7);(9,7);(10,5);
4550;9;0;24;1;0;23;0;0;19;504;9;(1,6);(2,9);(3,8);(4,8);(5,10);(6,10);(7,8);(8,7);(9,7);(10,5);
4560;9;0;24;1;0;23;0;0;19;505;9;(1,6);(2,9);(3,8);(4,8);(5,10);(6,10);(7,8);(8,7);(9,7);(10,5);
4570;9;0;24;1;0;23;0;0;19;507;9;(1,6);(2,9);(3,8);(4,8);(5,10);(6,10);(7,8);(8,7);(9,7);(10,5);
4580;9;0;24;1;0;23;0;0;19;508;9;(1,6);(2,9);(3,8);(4,8);(5,10);(6,10);(7,8);(8,7);(9,7);(10,5);
4590;9;0;24;1;0;23;0;0;19;510;9;(1,6);(2,9);(3,8);(4,8);(5,10);(6,10);(7,8);(8,7);(9,7);(10,5);
4600;9;0;24;1;0;23;0;0;19;511;9;(1,6);(2,9);(3,8);(4,8);(5,10);(6,10);(7,8);(8,7);(9,7);(10,5);
4610;9;0;24;1;0;23;0;0;19;512;9;(1,6);(2,9);(3,8);(4,8);(5,10);(6,10);(7,8);(8,7);(9,7);(10,5);
4620;9;0;24;1;0;23;0;0;19;513;9;(1,6);(2,9);(3,8);(4,8);(5,10);(6,10);(7,8);(8,7);(9,7);(10,5);
4630;8;0;23;2;0;24;0;0;19;514;9;(1,6);(2,9);(3,8);(4,8);(5,10);(6,10);(7,8);(8,8);(9,7);(10,5);
4640;7;0;22;3;0;25;0;0;19;515;9;(1,6);(2,9);(3,8);(4,8);(5,10);(6,10);(7,8);(8,8);(9,8);(10,5);
4650;7;0;22;3;0;25;0;0;19;516;9;(1,6);(2,9);(3,8);(4,8);(5,10);(6,10);(7,8);(8,8);(9,8);(10,5);
4660;7;0;22;3;0;25;0;0;19;517;9;(1,6);(2,9);(3,8);(4,8);(5,10);(6,10);(7,8);(8,8);(9,8);(10,5);
4670;7;0;22;3;0;25;0;0;19;518;9;(1,6);(2,9);(3,8);(4,8);(5,10);(6,10);(7,8);(8,8);(9,8);(10,5);
4680;7;0;22;3;0;25;0;0;19;519;9;(1,6);(2,9);(3,8);(4,8);(5,10);(6,10);(7,8);(8,8);(9,8);(10,5);
4690;7;0;22;3;0;25;0;0;19;520;9;(1,6);(2,9);(3,8);(4,8);(5,10);(6,10);(7,8);(8,8);(9,8);(10,5);
4700;7;0;22;3;0;25;0;0;19;521;9;(1,6);(2,9);(3,8);(4,8);(5,10);(6,10);(7,8);(8,8);(9,8);(10,5);
4710;6;0;21;4;0;26;0;0;19;522;9;(1,6);(2,9);(3,8);(4,8);(5,11);(6,10);(7,8);(8,8);(9,8);(10,5);
4720;5;0;20;5;0;27;0;0;19;523;9;(1,6);(2,9);(3,9);(4,8);(5,11);(6,10);(7,8);(8,8);(9,8);(10,5);
4730;5;0;20;5;0;27;0;0;19;524;9;(1,6);(2,9);(3,9);(4,8);(5,11);(6,10);(7,8);(8,8);(9,8);(10,5);
4740;4;0;19;6;0;28;0;0;19;525;9;(1,6);(2,9);(3,9);(4,8);(5,11);(6,10);(7,8);(8,8);(9,8);(10,6);
4750;4;0;19;6;0;28;0;0;19;526;9;(1,6);(2,9);(3,9);(4,8);(5,11);(6,10);(7,8);(8,8);(9,8);(10,6);
4760;4;0;19;6;0;28;0;0;19;527;9;(1,6);(2,9);(3,9);(4,8);(5,11);(6,10);(7,8);(8,8);(9,8);(10,6);
4770;4;0;19;6;0;28;0;0;19;528;9;(1,6);(2,9);(3,9);(4,8);(5,11);(6,10);(7,8);(8,8);(9,8);(10,6);
4780;3;0;18;7;0;29;0;0;19;529;9;(1,6);(2,9);(3,9);(4,8);(5,11);(6,11);(7,8);(8,8);(9,8);(10,6);
4790;3;0;18;7;0;29;0;0;19;530;9;(1,6);(2,9);(3,9);(4,8);(5,11);(6,11);(7,8);(8,8);(9,8);(10,6);
4800;2;0;17;8;0;30;0;0;19;531;9;(1,6);(2,9);(3,9);(4,8);(5,11);(6,11);(7,9);(8,8);(9,8);(10,6);
4810;2;0;17;8;0;30;0;0;19;531;9;(1,6);(2,9);(3,9);(4,8);(5,11);(6,11);(7,9);(8,8);(9,8);(10,6);
4820;2;0;17;8;0;30;0;0;19;532;9;(1,6);(2,9);(3,9);(4,8);(5,11);(6,11);(7,9);(8,8);(9,8);(10,6);
4830;1;0;16;9;0;30;0;0;20;533;9;(1,7);(2,9);(3,9);(4,8);(5,11);(6,11);(7,9);(8,8);(9,8);(10,6);
4840;1;0;16;9;0;30;0;0;20;534;9;(1,7);(2,9);(3,9);(4,8);(5,11);(6,11);(7,9);(8,8);(9,8);(10,6);
4850;1;0;16;9;0;30;0;0;20;535;9;(1,7);(2,9);(3,9);(4,8);(5,11);(6,11);(7,9);(8,8);(9,8);(10,6);
4860;1;0;16;9;0;30;0;0;20;536;9;(1,7);(2,9);(3,9);(4,8);(5,11);(6,11);(7,9);(8,8);(9,8);(10,6);
4870;1;0;16;9;0;30;0;0;20;537;9;(1,7);(2,9);(3,9);(4,8);(5,11);(6,11);(7,9);(8,8);(9,8);(10,6);
4880;1;0;16;9;0;30;0;0;20;538;9;(1,7);(2,9);(3,9);(4,8);(5,11);(6,11);(7,9);(8,8);(9,8);(10,6);
4890;1;0;16;9;0;30;0;0;20;539;9;(1,7);(2,9);(3,9);(4,8);(5,11);(6,11);(7,9);(8,8);(9,8);(10,6);
4900;1;0;16;9;0;30;0;0;20;540;9;(1,7);(2,9);(3,9);(4,8);(5,11);(6,11);(7,9);(8,8);(9,8);(10,6);
4910;1;0;16;9;0;30;0;0;20;541;9;(1,7);(2,9);(3,9);(4,8);(5,11);(6,11);(7,9);(8,8);(9,8);(10,6);
4920;1;0;16;9;0;30;0;0;20;542;9;(1,7);(2,9);(3,9);(4,8);(5,11);(6,11);(7,9);(8,8);(9,8);(10,6);
4930;1;0;16;9;0;30;0;0;20;543;9;(1,7);(2,9);(3,9);(4,8);(5,11);(6,11);(7,9);(8,8);(9,8);(10,6);
4940;1;0;16;9;0;30;0;0;20;544;9;(1,7);(2,9);(3,9);(4,8);(5,11);(6,11);(7,9);(8,8);(9,8);(10,6);
4950;1;0;16;9;0;30;0;0;20;546;9;(1,7);(2,9);(3,9);(4,8);(5,11);(6,11);(7,9);(8,8);(9,8);(10,6);
4960;1;0;16;9;0;30;0;0;20;546;9;(1,7);(2,9);(3,9);(4,8);(5,11);(6,11);(7,9);(8,8);(9,8);(10,6);
4970;1;0;16;9;0;30;0;0;20;547;9;(1,7);(2,9);(3,9);(4,8);(5,11);(6,11);(7,9);(8,8);(9,8);(10,6);
4980;1;0;16;9;0;30;0;0;20;548;9;(1,7);(2,9);(3,9);(4,8);(5,11);(6,11);(7,9);(8,8);(9,8);(10,6);
4990;1;0;16;9;0;30;0;0;20;549;9;(1,7);(2,9);(3,9);(4,8);(5,11);(6,11);(7,9);(8,8);(9,8);(10,6);
5000;1;0;21;9;0;30;0;0;20;550;9;(1,7);(2,9);(3,9);(4,8);(5,11);(6,11);(7,9);(8,8);(9,8);(10,6);
5010;1;0;21;9;0;29;0;0;21;551;9;(1,7);(2,9);(3,9);(4,8);(5,11);(6,11);(7,9);(8,8);(9,8);(10,6);
5020;0;0;20;10;0;30;0;0;21;552;9;(1,7);(2,10);(3,9);(4,8);(5,11);(6,11);(7,9);(8,8);(9,8);(10,6);
5030;0;0;20;10;0;30;0;0;21;553;9;(1,7);(2,10);(3,9);(4,8);(5,11);(6,11);(7,9);(8,8);(9,8);(10,6);
5040;0;0;20;10;0;30;0;0;21;554;9;(1,7);(2,10);(3,9);(4,8);(5,11);(6,11);(7,9);(8,8);(9,8);(10,6);
5050;0;0;20;10;0;30;0;0;21;555;9;(1,7);(2,10);(3,9);(4,8);(5,11);(6,11);(7,9);(8,8);(9,8);(10,6);
5060;0;0;20;10;0;30;0;0;21;556;9;(1,7);(2,10);(3,9);(4,8);(5,11);(6,11);(7,9);(8,8);(9,8);(10,6);
5070;0;0;20;10;0;30;0;0;21;557;9;(1,7);(2,10);(3,9);(4,8);(5,11);(6,11);(7,9);(8,8);(9,8);(10,6);
5080;0;0;20;10;0;29;0;0;22;558;9;(1,7);(2,10);(3,9);(4,8);(5,11);(6,11);(7,9);(8,8);(9,8);(10,6);
5090;0;0;20;10;0;29;0;0;22;559;9;(1,7);(2,10);(3,9);(4,8);(5,11);(6,11);(7,9);(8,8);(9,8);(10,6);
5100;0;0;20;10;0;29;0;0;22;560;9;(1,7);(2,10);(3,9);(4,8);(5,11);(6,11);(7,9);(8,8);(9,8);(10,6);
5110;0;0;20;10;0;28;0;0;23;560;9;(1,7);(2,10);(3,9);(4,8);(5,11);(6,11);(7,9);(8,8);(9,8);(10,6);
5120;0;0;20;10;0;28;0;0;23;561;9;(1,7);(2,10);(3,9);(4,8);(5,11);(6,11);(7,9);(8,8);(9,8);(10,6);
5130;0;0;20;10;0;28;0;0;23;562;9;(1,7);(2,10);(3,9);(4,8);(5,11);(6,11);(7,9);(8,8);(9,8);(10,6);
5140;0;0;20;10;0;28;0;0;23;563;9;(1,7);(2,10);(3,9);(4,8);(5,11);(6,11);(7,9);(8,8);(9,8);(10,6);
5150;0;0;20;10;0;28;0;0;23;564;9;(1,7);(2,10);(3,9);(4,8);(5,11);(6,11);(7,9);(8,8);(9,8);(10,6);
5160;0;0;20;10;0;28;0;0;23;565;9;(1,7);(2,10);(3,9);(4,8);(5,11);(6,11);(7,9);(8,8);(9,8);(10,6);
5170;0;0;20;10;0;27;0;0;24;566;9;(1,7);(2,10);(3,9);(4,8);(5,11);(6,11);(7,9);(8,8);(9,8);(10,6);
5180;0;0;20;10;0;27;0;0;24;567;9;(1,7);(2,10);(3,9);(4,8);(5,11);(6,11);(7,9);(8,8);(9,8);(10,6);
5190;0;0;20;10;0;27;0;0;24;568;9;(1,7);(2,10);(3,9);(4,8);(5,11);(6,11);(7,9);(8,8);(9,8);(10,6);
5200;0;0;20;10;0;27;0;0;24;569;9;(1,7);(2,10);(3,9);(4,8);(5,11);(6,11);(7,9);(8,8);(9,8);(10,6);
5210;0;0;20;10;0;27;0;0;24;569;9;(1,7);(2,10);(3,9);(4,8);(5,11);(6,11);(7,9);(8,8);(9,8);(10,6);
5220;0;0;20;10;0;27;0;0;24;570;9;(1,7);(2,10);(3,9);(4,8);(5,11);(6,11);(7,9);(8,8);(9,8);(10,6);
5230;0;0;20;10;0;27;0;0;24;571;9;(1,7);(2,10);(3,9);(4,8);(5,11);(6,11);(7,9);(8,8);(9,8);(10,6);
5240;0;0;20;10;0;26;0;0;25;572;9;(1,7);(2,10);(3,9);(4,8);(5,11);(6,11);(7,9);(8,8);(9,8);(10,6);
5250;0;0;20;10;0;26;0;0;25;573;9;(1,7);(2,10);(3,9);(4,8);(5,11);(6,11);(7,9);(8,8);(9,8);(10,6);
5260;0;0;20;10;0;26;0;0;25;574;9;(1,7);(2,10);(3,9);(4,8);(5,11);(6,11);(7,9);(8,8);(9,8);(10,6);
5270;0;0;20;10;0;26;0;0;25;575;9;(1,7);(2,10);(3,9);(4,8);(5,11);(6,11);(7,9);(8,8);(9,8);(10,6);
5280;0;0;20;10;0;26;0;0;25;576;9;(1,7);(2,10);(3,9);(4,8);(5,11);(6,11);(7,9);(8,8);(9,8);(10,6);
5290;0;0;20;10;0;26;0;0;25;577;9;(1,7);(2,10);(3,9);(4,8);(5,11);(6,11);(7,9);(8,8);(9,8);(10,6);
5300;0;0;20;10;0;26;0;0;25;577;9;(1,7);(2,10);(3,9);(4,8);(5,11);(6,11);(7,9);(8,8);(9,8);(10,6);
5310;0;0;20;10;0;26;0;0;25;578;9;(1,7);(2,10);(3,9);(4,8);(5,11);(6,11);(7,9);(8,8);(9,8);(10,6);
5320;0;0;20;5;0;25;5;0;26;579;9;(1,8);(2,10);(3,9);(4,9);(5,12);(6,11);(7,9);(8,9);(9,8);(10,7);
5330;0;0;20;5;0;25;5;0;26;579;9;(1,8);(2,10);(3,9);(4,9);(5,12);(6,11);(7,9);(8,9);(9,8);(10,7);
5340;0;0;20;5;0;25;5;0;26;580;9;(1,8);(2,10);(3,9);(4,9);(5,12);(6,11);(7,9);(8,9);(9,8);(10,7);
5350;0;0;20;5;0;25;5;0;26;582;9;(1,8);(2,10);(3,9);(4,9);(5,12);(6,11);(7,9);(8,9);(9,8);(10,7);
5360;0;0;20;5;0;25;5;0;26;583;9;(1,8);(2,10);(3,9);(4,9);(5,12);(6,11);(7,9);(8,9);(9,8);(10,7);
5370;0;0;20;5;0;25;5;0;26;584;9;(1,8);(2,10);(3,9);(4,9);(5,12);(6,11);(7,9);(8,9);(9,8);(10,7);
5380;0;0;20;4;0;24;6;0;27;585;9;(1,8);(2,10);(3,9);(4,9);(5,12);(6,11);(7,10);(8,9);(9,8);(10,7);
5390;0;0;20;4;0;24;6;0;27;586;9;(1,8);(2,10);(3,9);(4,9);(5,12);(6,11);(7,10);(8,9);(9,8);(10,7);
5400;0;0;20;4;0;24;6;0;27;587;9;(1,8);(2,10);(3,9);(4,9);(5,12);(6,11);(7,10);(8,9);(9,8);(10,7);
5410;0;0;20;4;0;24;6;0;27;588;9;(1,8);(2,10);(3,9);(4,9);(5,12);(6,11);(7,10);(8,9);(9,8);(10,7);
5420;0;0;20;4;0;24;6;0;27;590;9;(1,8);(2,10);(3,9);(4,9);(5,12);(6,11);(7,10);(8,9);(9,8);(10,7);
5430;0;0;20;3;0;24;7;0;27;591;9;(1,8);(2,10);(3,10);(4,9);(5,12);(6,11);(7,10);(8,9);(9,8);(10,7);
5440;0;0;20;3;0;24;7;0;27;593;9;(1,8);(2,10);(3,10);(4,9);(5,12);(6,11);(7,10);(8,9);(9,8);(10,7);
5450;0;0;20;3;0;24;7;0;27;594;9;(1,8);(2,10);(3,10);(4,9);(5,12);(6,11);(7,10);(8,9);(9,8);(10,7);
5460;0;0;20;3;0;24;7;0;27;595;9;(1,8);(2,10);(3,10);(4,9);(5,12);(6,11);(7,10);(8,9);(9,8);(10,7);
5470;0;0;20;3;0;24;7;0;27;597;9;(1,8);(2,10);(3,10);(4,9);(5,12);(6,11);(7,10);(8,9);(9,8);(10,7);
5480;0;0;20;3;0;24;7;0;27;598;9;(1,8);(2,10);(3,10);(4,9);(5,12);(6,11);(7,10);(8,9);(9,8);(10,7);
5490;0;0;20;3;0;24;7;0;27;599;9;(1,8);(2,10);(3,10);(4,9);(5,12);(6,11);(7,10);(8,9);(9,8);(10,7);
5500;0;0;25;3;0;24;7;0;27;601;9;(1,8);(2,10);(3,10);(4,9);(5,12);(6,11);(7,10);(8,9);(9,8);(10,7);
5510;0;0;25;3;0;24;7;0;27;602;9;(1,8);(2,10);(3,10);(4,9);(5,12);(6,11);(7,10);(8,9);(9,8);(10,7);
5520;0;0;25;3;0;24;7;0;27;603;9;(1,8);(2,10);(3,10);(4,9);(5,12);(6,11);(7,10);(8,9);(9,8);(10,7);
5530;0;0;25;3;0;23;7;0;28;605;9;(1,8);(2,10);(3,10);(4,9);(5,12);(6,11);(7,10);(8,9);(9,8);(10,7);
5540;0;0;25;3;0;23;7;0;28;606;9;(1,8);(2,10);(3,10);(4,9);(5,12);(6,11);(7,10);(8,9);(9,8);(10,7);
5550;0;0;25;3;0;22;7;0;29;607;9;(1,8);(2,10);(3,10);(4,9);(5,12);(6,11);(7,10);(8,9);(9,8);(10,7);
5560;0;0;25;3;0;21;7;0;30;608;9;(1,8);(2,10);(3,10);(4,9);(5,12);(6,11);(7,10);(8,9);(9,8);(10,7);
5570;0;0;25;3;0;21;7;0;30;610;9;(1,8);(2,10);(3,10);(4,9);(5,12);(6,11);(7,10);(8,9);(9,8);(10,7);
5580;0;0;25;3;0;21;7;0;30;611;9;(1,8);(2,10);(3,10);(4,9);(5,12);(6,11);(7,10);(8,9);(9,8);(10,7);
5590;0;0;25;3;0;21;7;0;30;613;9;(1,8);(2,10);(3,10);(4,9);(5,12);(6,11);(7,10);(8,9);(9,8);(10,7);
5600;0;0;25;2;0;21;8;0;30;615;9;(1,8);(2,10);(3,10);(4,9);(5,12);(6,11);(7,10);(8,9);(9,9);(10,7);
5610;0;0;25;1;0;21;9;0;30;616;9;(1,8);(2,10);(3,10);(4,9);(5,12);(6,12);(7,10);(8,9);(9,9);(10,7);
5620;0;0;25;0;0;21;10;0;30;618;9;(1,8);(2,11);(3,10);(4,9);(5,12);(6,12);(7,10);(8,9);(9,9);(10,7);
5630;0;0;25;0;0;21;10;0;30;619;9;(1,8);(2,11);(3,10);(4,9);(5,12);(6,12);(7,10);(8,9);(9,9);(10,7);
5640;0;0;25;0;0;21;10;0;30;621;9;(1,8);(2,11);(3,10);(4,9);(5,12);(6,12);(7,10);(8,9);(9,9);(10,7);
5650;0;0;25;0;0;21;10;0;30;622;9;(1,8);(2,11);(3,10);(4,9);(5,12);(6,12);(7,10);(8,9);(9,9);(10,7);
5660;0;0;25;0;0;21;10;0;30;624;9;(1,8);(2,11);(3,10);(4,9);(5,12);(6,12);(7,10);(8,9);(9,9);(10,7);
5670;0;0;25;0;0;21;10;0;30;625;9;(1,8);(2,11);(3,10);(4,9);(5,12);(6,12);(7,10);(8,9);(9,9);(10,7);
5680;0;0;25;0;0;21;10;0;30;627;9;(1,8);(2,11);(3,10);(4,9);(5,12);(6,12);(7,10);(8,9);(9,9);(10,7);
5690;0;0;25;0;0;21;10;0;30;629;9;(1,8);(2,11);(3,10);(4,9);(5,12);(6,12);(7,10);(8,9);(9,9);(10,7);
5700;0;0;25;0;0;21;10;0;30;630;9;(1,8);(2,11);(3,10);(4,9);(5,12);(6,12);(7,10);(8,9);(9,9);(10,7);
5710;0;0;25;0;0;21;10;0;30;631;9;(1,8);(2,11);(3,10);(4,9);(5,12);(6,12);(7,10);(8,9);(9,9);(10,7);
5720;0;0;25;0;0;21;10;0;30;633;9;(1,8);(2,11);(3,10);(4,9);(5,12);(6,12);(7,10);(8,9);(9,9);(10,7);
5730;0;0;25;0;0;21;10;0;30;634;9;(1,8);(2,11);(3,10);(4,9);(5,12);(6,12);(7,10);(8,9);(9,9);(10,7);
5740;0;0;25;0;0;21;10;0;30;636;9;(1,8);(2,11);(3,10);(4,9);(5,12);(6,12);(7,10);(8,9);(9,9);(10,7);
5750;0;0;25;0;0;21;10;0;30;637;9;(1,8);(2,11);(3,10);(4,9);(5,12);(6,12);(7,10);(8,9);(9,9);(10,7);
5760;0;0;25;0;0;21;10;0;29;638;10;(1,8);(2,11);(3,10);(4,9);(5,12);(6,12);(7,10);(8,9);(9,9);(10,7);
5770;0;0;25;0;0;21;10;0;28;639;11;(1,8);(2,11);(3,10);(4,9);(5,12);(6,12);(7,10);(8,9);(9,9);(10,7);
5780;0;0;25;0;0;21;10;0;28;641;11;(1,8);(2,11);(3,10);(4,9);(5,12);(6,12);(7,10);(8,9);(9,9);(10,7);
5790;0;0;25;0;0;21;10;0;27;642;12;(1,8);(2,11);(3,10);(4,9);(5,12);(6,12);(7,10);(8,9);(9,9);(10,7);
5800;0;0;25;0;0;21;10;0;27;643;12;(1,8);(2,11);(3,10);(4,9);(5,12);(6,12);(7,10);(8,9);(9,9);(10,7);
5810;0;0;25;0;0;21;10;0;27;644;12;(1,8);(2,11);(3,10);(4,9);(5,12);(6,12);(7,10);(8,9);(9,9);(10,7);
5820;0;0;25;0;0;21;10;0;27;645;12;(1,8);(2,11);(3,10);(4,9);(5,12);(6,12);(7,10);(8,9);(9,9);(10,7);
5830;0;0;25;0;0;21;10;0;26;647;13;(1,8);(2,11);(3,10);(4,9);(5,12);(6,12);(7,10);(8,9);(9,9);(10,7);
5840;0;0;25;0;0;21;10;0;26;648;13;(1,8);(2,11);(3,10);(4,9);(5,12);(6,12);(7,10);(8,9);(9,9);(10,7);
5850;0;0;25;0;0;21;10;0;26;649;13;(1,8);(2,11);(3,10);(4,9);(5,12);(6,12);(7,10);(8,9);(9,9);(10,7);
5860;0;0;25;0;0;21;10;0;26;650;13;(1,8);(2,11);(3,10);(4,9);(5,12);(6,12);(7,10);(8,9);(9,9);(10,7);
5870;0;0;25;0;0;21;10;0;25;651;14;(1,8);(2,11);(3,10);(4,9);(5,12);(6,12);(7,10);(8,9);(9,9);(10,7);
5880;0;0;25;0;0;21;10;0;25;652;14;(1,8);(2,11);(3,10);(4,9);(5,12);(6,12);(7,10);(8,9);(9,9);(10,7);
5890;0;0;25;0;0;21;10;0;25;653;14;(1,8);(2,11);(3,10);(4,9);(5,12);(6,12);(7,10);(8,9);(9,9);(10,7);
5900;0;0;25;0;0;21;10;0;25;655;14;(1,8);(2,11);(3,10);(4,9);(5,12);(6,12);(7,10);(8,9);(9,9);(10,7);
5910;0;0;25;0;0;21;10;0;25;656;14;(1,8);(2,11);(3,10);(4,9);(5,12);(6,12);(7,10);(8,9);(9,9);(10,7);
5920;0;0;25;0;0;21;10;0;25;658;14;(1,8);(2,11);(3,10);(4,9);(5,12);(6,12);(7,10);(8,9);(9,9);(10,7);
5930;0;0;25;0;0;21;10;0;25;660;14;(1,8);(2,11);(3,10);(4,9);(5,12);(6,12);(7,10);(8,9);(9,9);(10,7);
5940;0;0;25;0;0;21;10;0;24;661;15;(1,8);(2,11);(3,10);(4,9);(5,12);(6,12);(7,10);(8,9);(9,9);(10,7);
5950;0;0;25;0;0;21;10;0;24;662;15;(1,8);(2,11);(3,10);(4,9);(5,12);(6,12);(7,10);(8,9);(9,9);(10,7);
5960;0;0;25;0;0;21;10;0;24;664;15;(1,8);(2,11);(3,10);(4,9);(5,12);(6,12);(7,10);(8,9);(9,9);(10,7);
5970;0;0;25;0;0;21;10;0;24;665;15;(1,8);(2,11);(3,10);(4,9);(5,12);(6,12);(7,10);(8,9);(9,9);(10,7);
5980;0;0;25;0;0;21;10;0;24;667;15;(1,8);(2,11);(3,10);(4,9);(5,12);(6,12);(7,10);(8,9);(9,9);(10,7);
5990;0;0;25;0;0;21;10;0;24;668;15;(1,8);(2,11);(3,10);(4,9);(5,12);(6,12);(7,10);(8,9);(9,9);(10,7);
6000;0;0;30;0;0;21;10;0;24;670;15;(1,8);(2,11);(3,10);(4,9);(5,12);(6,12);(7,10);(8,9);(9,9);(10,7);
6010;0;0;30;0;0;21;10;0;24;671;15;(1,8);(2,11);(3,10);(4,9);(5,12);(6,12);(7,10);(8,9);(9,9);(10,7);
6020;0;0;30;0;0;21;10;0;24;673;15;(1,8);(2,11);(3,10);(4,9);(5,12);(6,12);(7,10);(8,9);(9,9);(10,7);
6030;0;0;30;0;0;21;10;0;24;674;15;(1,8);(2,11);(3,10);(4,9);(5,12);(6,12);(7,10);(8,9);(9,9);(10,7);
6040;0;0;30;0;0;21;10;0;24;676;15;(1,8);(2,11);(3,10);(4,9);(5,12);(6,12);(7,10);(8,9);(9,9);(10,7);
6050;0;0;30;0;0;21;10;0;24;678;15;(1,8);(2,11);(3,10);(4,9);(5,12);(6,12);(7,10);(8,9);(9,9);(10,7);
6060;0;0;30;0;0;21;10;0;24;679;15;(1,8);(2,11);(3,10);(4,9);(5,12);(6,12);(7,10);(8,9);(9,9);(10,7);
6070;0;0;30;0;0;21;10;0;24;681;15;(1,8);(2,11);(3,10);(4,9);(5,12);(6,12);(7,10);(8,9);(9,9);(10,7);
6080;0;0;30;0;0;21;10;0;24;683;15;(1,8);(2,11);(3,10);(4,9);(5,12);(6,12);(7,10);(8,9);(9,9);(10,7);
6090;0;0;30;0;0;21;10;0;24;684;15;(1,8);(2,11);(3,10);(4,9);(5,12);(6,12);(7,10);(8,9);(9,9);(10,7);
6100;0;0;30;0;0;21;10;0;24;686;15;(1,8);(2,11);(3,10);(4,9);(5,12);(6,12);(7,10);(8,9);(9,9);(10,7);
6110;1;0;30;0;0;21;9;0;24;687;15;(1,8);(2,11);(3,10);(4,9);(5,12);(6,12);(7,10);(8,9);(9,10);(10,7);
6120;1;0;30;0;0;21;9;0;23;689;16;(1,8);(2,11);(3,10);(4,9);(5,12);(6,12);(7,10);(8,9);(9,10);(10,7);
6130;2;0;30;0;0;21;8;0;23;690;16;(1,9);(2,11);(3,10);(4,9);(5,12);(6,12);(7,10);(8,9);(9,10);(10,7);
6140;2;0;30;0;0;21;8;0;23;692;16;(1,9);(2,11);(3,10);(4,9);(5,12);(6,12);(7,10);(8,9);(9,10);(10,7);
6150;2;0;30;0;0;21;8;0;23;693;16;(1,9);(2,11);(3,10);(4,9);(5,12);(6,12);(7,10);(8,9);(9,10);(10,7);
6160;2;0;30;0;0;21;8;0;23;695;16;(1,9);(2,11);(3,10);(4,9);(5,12);(6,12);(7,10);(8,9);(9,10);(10,7);
6170;3;0;30;0;0;21;7;0;23;697;16;(1,9);(2,11);(3,10);(4,9);(5,12);(6,13);(7,10);(8,9);(9,10);(10,7);
6180;4;0;30;0;0;21;6;0;23;699;16;(1,9);(2,11);(3,10);(4,9);(5,13);(6,13);(7,10);(8,9);(9,10);(10,7);
6190;4;0;30;0;0;21;6;0;23;700;16;(1,9);(2,11);(3,10);(4,9);(5,13);(6,13);(7,10);(8,9);(9,10);(10,7);
6200;5;0;30;0;0;21;5;0;23;702;16;(1,9);(2,11);(3,10);(4,9);(5,13);(6,13);(7,10);(8,9);(9,10);(10,8);
6210;5;0;30;0;0;21;5;0;23;704;16;(1,9);(2,11);(3,10);(4,9);(5,13);(6,13);(7,10);(8,9);(9,10);(10,8);
6220;5;0;30;0;0;21;5;0;23;705;16;(1,9);(2,11);(3,10);(4,9);(5,13);(6,13);(7,10);(8,9);(9,10);(10,8);
6230;6;0;30;0;0;21;4;0;23;707;16;(1,9);(2,11);(3,10);(4,9);(5,13);(6,13);(7,11);(8,9);(9,10);(10,8);
6240;7;0;30;0;0;21;3;0;23;708;16;(1,9);(2,11);(3,10);(4,10);(5,13);(6,13);(7,11);(8,9);(9,10);(10,8);
6250;7;0;30;0;0;21;3;0;23;709;16;(1,9);(2,11);(3,10);(4,10);(5,13);(6,13);(7,11);(8,9);(9,10);(10,8);
6260;7;0;30;0;0;21;3;0;23;710;16;(1,9);(2,11);(3,10);(4,10);(5,13);(6,13);(7,11);(8,9);(9,10);(10,8);
6270;8;0;29;0;0;22;2;0;23;712;16;(1,9);(2,11);(3,10);(4,10);(5,13);(6,13);(7,11);(8,10);(9,10);(10,8);
6280;8;0;29;0;0;22;2;0;23;712;16;(1,9);(2,11);(3,10);(4,10);(5,13);(6,13);(7,11);(8,10);(9,10);(10,8);
6290;9;0;29;0;0;22;1;0;23;714;16;(1,9);(2,11);(3,11);(4,10);(5,13);(6,13);(7,11);(8,10);(9,10);(10,8);
6300;9;0;29;0;0;22;1;0;23;715;16;(1,9);(2,11);(3,11);(4,10);(5,13);(6,13);(7,11);(8,10);(9,10);(10,8);
6310;9;0;29;0;0;22;1;0;23;716;16;(1,9);(2,11);(3,11);(4,10);(5,13);(6,13);(7,11);(8,10);(9,10);(10,8);
6320;9;0;29;0;0;22;1;0;23;717;16;(1,9);(2,11);(3,11);(4,10);(5,13);(6,13);(7,11);(8,10);(9,10);(10,8);
6330;9;0;29;0;0;22;1;0;23;718;16;(1,9);(2,11);(3,11);(4,10);(5,13);(6,13);(7,11);(8,10);(9,10);(10,8);
6340;9;0;29;0;0;22;1;0;23;719;16;(1,9);(2,11);(3,11);(4,10);(5,13);(6,13);(7,11);(8,10);(9,10);(10,8);
6350;9;0;29;0;0;22;1;0;23;721;16;(1,9);(2,11);(3,11);(4,10);(5,13);(6,13);(7,11);(8,10);(9,10);(10,8);
6360;9;0;29;0;0;22;1;0;23;722;16;(1,9);(2,11);(3,11);(4,10);(5,13);(6,13);(7,11);(8,10);(9,10);(10,8);
6370;9;0;29;0;0;22;1;0;23;723;16;(1,9);(2,11);(3,11);(4,10);(5,13);(6,13);(7,11);(8,10);(9,10);(10,8);
6380;9;0;29;0;0;22;1;0;23;724;16;(1,9);(2,11);(3,11);(4,10);(5,13);(6,13);(7,11);(8,10);(9,10);(10,8);
6390;9;0;29;0;0;22;1;0;23;725;16;(1,9);(2,11);(3,11);(4,10);(5,13);(6,13);(7,11);(8,10);(9,10);(10,8);
6400;9;0;29;0;0;22;1;0;23;727;16;(1,9);(2,11);(3,11);(4,10);(5,13);(6,13);(7,11);(8,10);(9,10);(10,8);
6410;9;0;29;0;0;22;1;0;23;728;16;(1,9);(2,11);(3,11);(4,10);(5,13);(6,13);(7,11);(8,10);(9,10);(10,8);
6420;9;0;28;0;0;23;1;0;23;729;16;(1,9);(2,11);(3,11);(4,10);(5,13);(6,13);(7,11);(8,10);(9,10);(10,8);
6430;9;0;28;0;0;23;1;0;23;730;16;(1,9);(2,11);(3,11);(4,10);(5,13);(6,13);(7,11);(8,10);(9,10);(10,8);
6440;9;0;27;0;0;24;1;0;23;731;16;(1,9);(2,11);(3,11);(4,10);(5,13);(6,13);(7,11);(8,10);(9,10);(10,8);
6450;9;0;27;0;0;24;1;0;23;732;16;(1,9);(2,11);(3,11);(4,10);(5,13);(6,13);(7,11);(8,10);(9,10);(10,8);
6460;10;0;26;0;0;25;0;0;23;733;16;(1,9);(2,12);(3,11);(4,10);(5,13);(6,13);(7,11);(8,10);(9,10);(10,8);
6470;10;0;26;0;0;25;0;0;23;734;16;(1,9);(2,12);(3,11);(4,10);(5,13);(6,13);(7,11);(8,10);(9,10);(10,8);
6480;10;0;26;0;0;25;0;0;23;735;16;(1,9);(2,12);(3,11);(4,10);(5,13);(6,13);(7,11);(8,10);(9,10);(10,8);
6490;10;0;26;0;0;25;0;0;23;737;16;(1,9);(2,12);(3,11);(4,10);(5,13);(6,13);(7,11);(8,10);(9,10);(10,8);
6500;10;0;31;0;0;25;0;0;23;738;16;(1,9);(2,12);(3,11);(4,10);(5,13);(6,13);(7,11);(8,10);(9,10);(10,8);
6510;10;0;30;0;0;26;0;0;23;739;16;(1,9);(2,12);(3,11);(4,10);(5,13);(6,13);(7,11);(8,10);(9,10);(10,8);
6520;10;0;30;0;0;26;0;0;23;741;16;(1,9);(2,12);(3,11);(4,10);(5,13);(6,13);(7,11);(8,10);(9,10);(10,8);
6530;10;0;30;0;0;26;0;0;23;742;16;(1,9);(2,12);(3,11);(4,10);(5,13);(6,13);(7,11);(8,10);(9,10);(10,8);
6540;10;0;30;0;0;26;0;0;23;743;16;(1,9);(2,12);(3,11);(4,10);(5,13);(6,13);(7,11);(8,10);(9,10);(10,8);
6550;10;0;29;0;0;27;0;0;23;744;16;(1,9);(2,12);(3,11);(4,10);(5,13);(6,13);(7,11);(8,10);(9,10);(10,8);
6560;10;0;28;0;0;28;0;0;23;744;16;(1,9);(2,12);(3,11);(4,10);(5,13);(6,13);(7,11);(8,10);(9,10);(10,8);
6570;10;0;28;0;0;28;0;0;23;746;16;(1,9);(2,12);(3,11);(4,10);(5,13);(6,13);(7,11);(8,10);(9,10);(10,8);
6580;10;0;28;0;0;28;0;0;23;747;16;(1,9);(2,12);(3,11);(4,10);(5,13);(6,13);(7,11);(8,10);(9,10);(10,8);
6590;10;0;28;0;0;28;0;0;23;748;16;(1,9);(2,12);(3,11);(4,10);(5,13);(6,13);(7,11);(8,10);(9,10);(10,8);
6600;10;0;28;0;0;28;0;0;23;749;16;(1,9);(2,12);(3,11);(4,10);(5,13);(6,13);(7,11);(8,10);(9,10);(10,8);
6610;10;0;28;0;0;28;0;0;23;751;16;(1,9);(2,12);(3,11);(4,10);(5,13);(6,13);(7,11);(8,10);(9,10);(10,8);
6620;10;0;28;0;0;28;0;0;23;752;16;(1,9);(2,12);(3,11);(4,10);(5,13);(6,13);(7,11);(8,10);(9,10);(10,8);
6630;9;0;27;1;0;29;0;0;23;753;16;(1,9);(2,12);(3,11);(4,10);(5,13);(6,13);(7,11);(8,10);(9,11);(10,8);
6640;9;0;27;1;0;29;0;0;23;754;16;(1,9);(2,12);(3,11);(4,10);(5,13);(6,13);(7,11);(8,10);(9,11);(10,8);
6650;9;0;27;1;0;29;0;0;23;755;16;(1,9);(2,12);(3,11);(4,10);(5,13);(6,13);(7,11);(8,10);(9,11);(10,8);
6660;7;0;25;3;0;31;0;0;23;756;16;(1,10);(2,12);(3,12);(4,10);(5,13);(6,13);(7,11);(8,10);(9,11);(10,8);
6670;7;0;25;3;0;31;0;0;23;757;16;(1,10);(2,12);(3,12);(4,10);(5,13);(6,13);(7,11);(8,10);(9,11);(10,8);
6680;7;0;25;3;0;31;0;0;23;758;16;(1,10);(2,12);(3,12);(4,10);(5,13);(6,13);(7,11);(8,10);(9,11);(10,8);
6690;6;0;24;4;0;32;0;0;23;758;16;(1,10);(2,12);(3,12);(4,10);(5,14);(6,13);(7,11);(8,10);(9,11);(10,8);
6700;6;0;24;4;0;32;0;0;23;759;16;(1,10);(2,12);(3,12);(4,10);(5,14);(6,13);(7,11);(8,10);(9,11);(10,8);
6710;6;0;24;4;0;32;0;0;23;760;16;(1,10);(2,12);(3,12);(4,10);(5,14);(6,13);(7,11);(8,10);(9,11);(10,8);
6720;6;0;24;4;0;32;0;0;23;761;16;(1,10);(2,12);(3,12);(4,10);(5,14);(6,13);(7,11);(8,10);(9,11);(10,8);
6730;6;0;24;4;0;32;0;0;23;762;16;(1,10);(2,12);(3,12);(4,10);(5,14);(6,13);(7,11);(8,10);(9,11);(10,8);
6740;6;0;24;4;0;32;0;0;23;763;16;(1,10);(2,12);(3,12);(4,10);(5,14);(6,13);(7,11);(8,10);(9,11);(10,8);
6750;4;0;22;6;0;34;0;0;23;764;16;(1,10);(2,12);(3,12);(4,10);(5,14);(6,14);(7,11);(8,10);(9,11);(10,9);
6760;4;0;22;6;0;34;0;0;23;765;16;(1,10);(2,12);(3,12);(4,10);(5,14);(6,14);(7,11);(8,10);(9,11);(10,9);
6770;4;0;22;6;0;34;0;0;23;766;16;(1,10);(2,12);(3,12);(4,10);(5,14);(6,14);(7,11);(8,10);(9,11);(10,9);
6780;4;0;22;6;0;34;0;0;23;767;16;(1,10);(2,12);(3,12);(4,10);(5,14);(6,14);(7,11);(8,10);(9,11);(10,9);
6790;3;0;21;7;0;35;0;0;23;768;16;(1,10);(2,12);(3,12);(4,11);(5,14);(6,14);(7,11);(8,10);(9,11);(10,9);
6800;3;0;21;7;0;35;0;0;23;769;16;(1,10);(2,12);(3,12);(4,11);(5,14);(6,14);(7,11);(8,10);(9,11);(10,9);
6810;3;0;21;7;0;35;0;0;23;770;16;(1,10);(2,12);(3,12);(4,11);(5,14);(6,14);(7,11);(8,10);(9,11);(10,9);
6820;3;0;21;7;0;35;0;0;23;771;16;(1,10);(2,12);(3,12);(4,11);(5,14);(6,14);(7,11);(8,10);(9,11);(10,9);
6830;3;0;21;7;0;35;0;0;23;772;16;(1,10);(2,12);(3,12);(4,11);(5,14);(6,14);(7,11);(8,10);(9,11);(10,9);
6840;3;0;21;7;0;35;0;0;23;773;16;(1,10);(2,12);(3,12);(4,11);(5,14);(6,14);(7,11);(8,10);(9,11);(10,9);
6850;3;0;21;7;0;35;0;0;23;774;16;(1,10);(2,12);(3,12);(4,11);(5,14);(6,14);(7,11);(8,10);(9,11);(10,9);
6860;3;0;21;7;0;35;0;0;23;775;16;(1,10);(2,12);(3,12);(4,11);(5,14);(6,14);(7,11);(8,10);(9,11);(10,9);
6870;3;0;21;7;0;35;0;0;23;776;16;(1,10);(2,12);(3,12);(4,11);(5,14);(6,14);(7,11);(8,10);(9,11);(10,9);
6880;3;0;21;7;0;35;0;0;23;776;16;(1,10);(2,12);(3,12);(4,11);(5,14);(6,14);(7,11);(8,10);(9,11);(10,9);
6890;3;0;21;7;0;35;0;0;23;777;16;(1,10);(2,12);(3,12);(4,11);(5,14);(6,14);(7,11);(8,10);(9,11);(10,9);
6900;3;0;21;7;0;35;0;0;23;778;16;(1,10);(2,12);(3,12);(4,11);(5,14);(6,14);(7,11);(8,10);(9,11);(10,9);
6910;3;0;21;7;0;35;0;0;23;779;16;(1,10);(2,12);(3,12);(4,11);(5,14);(6,14);(7,11);(8,10);(9,11);(10,9);
6920;3;0;21;7;0;35;0;0;23;780;16;(1,10);(2,12);(3,12);(4,11);(5,14);(6,14);(7,11);(8,10);(9,11);(10,9);
6930;2;0;20;8;0;36;0;0;23;781;16;(1,10);(2,12);(3,12);(4,11);(5,14);(6,14);(7,12);(8,10);(9,11);(10,9);
6940;2;0;20;8;0;36;0;0;23;782;16;(1,10);(2,12);(3,12);(4,11);(5,14);(6,14);(7,12);(8,10);(9,11);(10,9);
6950;2;0;20;8;0;36;0;0;23;783;16;(1,10);(2,12);(3,12);(4,11);(5,14);(6,14);(7,12);(8,10);(9,11);(10,9);
6960;2;0;20;8;0;36;0;0;23;784;16;(1,10);(2,12);(3,12);(4,11);(5,14);(6,14);(7,12);(8,10);(9,11);(10,9);
6970;2;0;20;8;0;36;0;0;23;785;16;(1,10);(2,12);(3,12);(4,11);(5,14);(6,14);(7,12);(8,10);(9,11);(10,9);
6980;2;0;20;8;0;36;0;0;23;786;16;(1,10);(2,12);(3,12);(4,11);(5,14);(6,14);(7,12);(8,10);(9,11);(10,9);
6990;2;0;20;8;0;36;0;0;23;787;16;(1,10);(2,12);(3,12);(4,11);(5,14);(6,14);(7,12);(8,10);(9,11);(10,9);
7000;2;0;25;8;0;36;0;0;23;787;16;(1,10);(2,12);(3,12);(4,11);(5,14);(6,14);(7,12);(8,10);(9,11);(10,9);
7010;2;0;25;8;0;36;0;0;23;789;16;(1,10);(2,12);(3,12);(4,11);(5,14);(6,14);(7,12);(8,10);(9,11);(10,9);
7020;1;0;24;9;0;37;0;0;23;790;16;(1,10);(2,13);(3,12);(4,11);(5,14);(6,14);(7,12);(8,10);(9,11);(10,9);
7030;1;0;24;9;0;37;0;0;23;791;16;(1,10);(2,13);(3,12);(4,11);(5,14);(6,14);(7,12);(8,10);(9,11);(10,9);
7040;1;0;24;9;0;37;0;0;23;792;16;(1,10);(2,13);(3,12);(4,11);(5,14);(6,14);(7,12);(8,10);(9,11);(10,9);
7050;1;0;24;9;0;37;0;0;23;793;16;(1,10);(2,13);(3,12);(4,11);(5,14);(6,14);(7,12);(8,10);(9,11);(10,9);
7060;1;0;24;9;0;36;0;0;24;794;16;(1,10);(2,13);(3,12);(4,11);(5,14);(6,14);(7,12);(8,10);(9,11);(10,9);
7070;1;0;24;9;0;36;0;0;24;795;16;(1,10);(2,13);(3,12);(4,11);(5,14);(6,14);(7,12);(8,10);(9,11);(10,9);
7080;1;0;24;9;0;36;0;0;24;796;16;(1,10);(2,13);(3,12);(4,11);(5,14);(6,14);(7,12);(8,10);(9,11);(10,9);
7090;1;0;24;9;0;36;0;0;24;797;16;(1,10);(2,13);(3,12);(4,11);(5,14);(6,14);(7,12);(8,10);(9,11);(10,9);
7100;1;0;24;9;0;36;0;0;24;798;16;(1,10);(2,13);(3,12);(4,11);(5,14);(6,14);(7,12);(8,10);(9,11);(10,9);
7110;1;0;24;9;0;36;0;0;24;799;16;(1,10);(2,13);(3,12);(4,11);(5,14);(6,14);(7,12);(8,10);(9,11);(10,9);
7120;0;0;23;10;0;37;0;0;24;800;16;(1,10);(2,13);(3,12);(4,11);(5,14);(6,14);(7,12);(8,11);(9,11);(10,9);
7130;0;0;23;10;0;37;0;0;24;801;16;(1,10);(2,13);(3,12);(4,11);(5,14);(6,14);(7,12);(8,11);(9,11);(10,9);
7140;0;0;23;10;0;37;0;0;24;802;16;(1,10);(2,13);(3,12);(4,11);(5,14);(6,14);(7,12);(8,11);(9,11);(10,9);
7150;0;0;23;10;0;36;0;0;25;803;16;(1,10);(2,13);(3,12);(4,11);(5,14);(6,14);(7,12);(8,11);(9,11);(10,9);
7160;0;0;23;10;0;36;0;0;25;804;16;(1,10);(2,13);(3,12);(4,11);(5,14);(6,14);(7,12);(8,11);(9,11);(10,9);
7170;0;0;23;10;0;36;0;0;25;805;16;(1,10);(2,13);(3,12);(4,11);(5,14);(6,14);(7,12);(8,11);(9,11);(10,9);
7180;0;0;23;10;0;36;0;0;25;805;16;(1,10);(2,13);(3,12);(4,11);(5,14);(6,14);(7,12);(8,11);(9,11);(10,9);
7190;0;0;23;10;0;36;0;0;25;806;16;(1,10);(2,13);(3,12);(4,11);(5,14);(6,14);(7,12);(8,11);(9,11);(10,9);
7200;0;0;23;10;0;35;0;0;26;807;16;(1,10);(2,13);(3,12);(4,11);(5,14);(6,14);(7,12);(8,11);(9,11);(10,9);
7210;0;0;23;10;0;35;0;0;26;808;16;(1,10);(2,13);(3,12);(4,11);(5,14);(6,14);(7,12);(8,11);(9,11);(10,9);
7220;0;0;23;10;0;35;0;0;26;809;16;(1,10);(2,13);(3,12);(4,11);(5,14);(6,14);(7,12);(8,11);(9,11);(10,9);
7230;0;0;23;10;0;35;0;0;26;810;16;(1,10);(2,13);(3,12);(4,11);(5,14);(6,14);(7,12);(8,11);(9,11);(10,9);
7240;0;0;23;10;0;35;0;0;26;811;16;(1,10);(2,13);(3,12);(4,11);(5,14);(6,14);(7,12);(8,11);(9,11);(10,9);
7250;0;0;23;10;0;35;0;0;26;812;16;(1,10);(2,13);(3,12);(4,11);(5,14);(6,14);(7,12);(8,11);(9,11);(10,9);
7260;0;0;23;10;0;35;0;0;26;813;16;(1,10);(2,13);(3,12);(4,11);(5,14);(6,14);(7,12);(8,11);(9,11);(10,9);
7270;0;0;23;10;0;35;0;0;26;814;16;(1,10);(2,13);(3,12);(4,11);(5,14);(6,14);(7,12);(8,11);(9,11);(10,9);
7280;0;0;23;10;0;35;0;0;26;815;16;(1,10);(2,13);(3,12);(4,11);(5,14);(6,14);(7,12);(8,11);(9,11);(10,9);
7290;0;0;23;10;0;35;0;0;26;816;16;(1,10);(2,13);(3,12);(4,11);(5,14);(6,14);(7,12);(8,11);(9,11);(10,9);
7300;0;0;23;10;0;35;0;0;26;817;16;(1,10);(2,13);(3,12);(4,11);(5,14);(6,14);(7,12);(8,11);(9,11);(10,9);
7310;0;0;23;10;0;35;0;0;26;818;16;(1,10);(2,13);(3,12);(4,11);(5,14);(6,14);(7,12);(8,11);(9,11);(10,9);
7320;0;0;23;10;0;34;0;0;27;819;16;(1,10);(2,13);(3,12);(4,11);(5,14);(6,14);(7,12);(8,11);(9,11);(10,9);
7330;0;0;23;10;0;34;0;0;27;820;16;(1,10);(2,13);(3,12);(4,11);(5,14);(6,14);(7,12);(8,11);(9,11);(10,9);
7340;0;0;23;10;0;34;0;0;27;820;16;(1,10);(2,13);(3,12);(4,11);(5,14);(6,14);(7,12);(8,11);(9,11);(10,9);
7350;0;0;23;10;0;34;0;0;27;821;16;(1,10);(2,13);(3,12);(4,11);(5,14);(6,14);(7,12);(8,11);(9,11);(10,9);
7360;0;0;23;10;0;34;0;0;27;822;16;(1,10);(2,13);(3,12);(4,11);(5,14);(6,14);(7,12);(8,11);(9,11);(10,9);
7370;0;0;23;10;0;33;0;0;28;823;16;(1,10);(2,13);(3,12);(4,11);(5,14);(6,14);(7,12);(8,11);(9,11);(10,9);
7380;0;0;23;10;0;33;0;0;28;824;16;(1,10);(2,13);(3,12);(4,11);(5,14);(6,14);(7,12);(8,11);(9,11);(10,9);
7390;0;0;23;10;0;33;0;0;28;825;16;(1,10);(2,13);(3,12);(4,11);(5,14);(6,14);(7,12);(8,11);(9,11);(10,9);
7400;0;0;23;10;0;33;0;0;28;826;16;(1,10);(2,13);(3,12);(4,11);(5,14);(6,14);(7,12);(8,11);(9,11);(10,9);
7410;0;0;23;10;0;33;0;0;28;827;16;(1,10);(2,13);(3,12);(4,11);(5,14);(6,14);(7,12);(8,11);(9,11);(10,9);
7420;0;0;23;10;0;32;0;0;29;827;16;(1,10);(2,13);(3,12);(4,11);(5,14);(6,14);(7,12);(8,11);(9,11);(10,9);
7430;0;0;23;10;0;32;0;0;29;828;16;(1,10);(2,13);(3,12);(4,11);(5,14);(6,14);(7,12);(8,11);(9,11);(10,9);
7440;0;0;23;10;0;32;0;0;29;829;16;(1,10);(2,13);(3,12);(4,11);(5,14);(6,14);(7,12);(8,11);(9,11);(10,9);
7450;0;0;23;10;0;32;0;0;29;830;16;(1,10);(2,13);(3,12);(4,11);(5,14);(6,14);(7,12);(8,11);(9,11);(10,9);
7460;0;0;23;10;0;32;0;0;29;831;16;(1,10);(2,13);(3,12);(4,11);(5,14);(6,14);(7,12);(8,11);(9,11);(10,9);
7470;0;0;23;10;0;32;0;0;29;833;16;(1,10);(2,13);(3,12);(4,11);(5,14);(6,14);(7,12);(8,11);(9,11);(10,9);
7480;0;0;23;10;0;32;0;0;29;834;16;(1,10);(2,13);(3,12);(4,11);(5,14);(6,14);(7,12);(8,11);(9,11);(10,9);
7490;0;0;23;10;0;32;0;0;29;835;16;(1,10);(2,13);(3,12);(4,11);(5,14);(6,14);(7,12);(8,11);(9,11);(10,9);
7500;0;0;28;10;0;32;0;0;29;836;16;(1,10);(2,13);(3,12);(4,11);(5,14);(6,14);(7,12);(8,11);(9,11);(10,9);
7510;0;0;28;10;0;32;0;0;29;836;16;(1,10);(2,13);(3,12);(4,11);(5,14);(6,14);(7,12);(8,11);(9,11);(10,9);
7520;0;0;28;10;0;31;0;0;30;837;16;(1,10);(2,13);(3,12);(4,11);(5,14);(6,14);(7,12);(8,11);(9,11);(10,9);
7530;0;0;28;9;0;30;1;0;31;838;16;(1,10);(2,13);(3,12);(4,11);(5,14);(6,14);(7,12);(8,12);(9,11);(10,9);
7540;0;0;28;9;0;29;1;0;32;839;16;(1,10);(2,13);(3,12);(4,11);(5,14);(6,14);(7,12);(8,12);(9,11);(10,9);
7550;0;0;28;9;0;29;1;0;32;840;16;(1,10);(2,13);(3,12);(4,11);(5,14);(6,14);(7,12);(8,12);(9,11);(10,9);
7560;0;0;28;9;0;29;1;0;32;841;16;(1,10);(2,13);(3,12);(4,11);(5,14);(6,14);(7,12);(8,12);(9,11);(10,9);
7570;0;0;28;7;0;29;3;0;32;841;16;(1,10);(2,14);(3,12);(4,11);(5,15);(6,14);(7,12);(8,12);(9,11);(10,9);
7580;0;0;28;7;0;28;3;0;33;842;16;(1,10);(2,14);(3,12);(4,11);(5,15);(6,14);(7,12);(8,12);(9,11);(10,9);
7590;0;0;28;7;0;28;3;0;33;843;16;(1,10);(2,14);(3,12);(4,11);(5,15);(6,14);(7,12);(8,12);(9,11);(10,9);
7600;0;0;28;6;0;27;4;0;34;844;16;(1,10);(2,14);(3,12);(4,11);(5,15);(6,14);(7,12);(8,12);(9,12);(10,9);
7610;0;0;28;6;0;27;4;0;34;845;16;(1,10);(2,14);(3,12);(4,11);(5,15);(6,14);(7,12);(8,12);(9,12);(10,9);
7620;0;0;28;6;0;26;4;0;35;846;16;(1,10);(2,14);(3,12);(4,11);(5,15);(6,14);(7,12);(8,12);(9,12);(10,9);
7630;0;0;28;6;0;26;4;0;35;846;16;(1,10);(2,14);(3,12);(4,11);(5,15);(6,14);(7,12);(8,12);(9,12);(10,9);
7640;0;0;28;6;0;26;4;0;35;847;16;(1,10);(2,14);(3,12);(4,11);(5,15);(6,14);(7,12);(8,12);(9,12);(10,9);
7650;0;0;28;5;0;26;5;0;35;848;16;(1,10);(2,14);(3,12);(4,11);(5,15);(6,14);(7,12);(8,12);(9,12);(10,10);
7660;0;0;28;4;0;26;6;0;35;849;16;(1,10);(2,14);(3,12);(4,11);(5,15);(6,15);(7,12);(8,12);(9,12);(10,10);
7670;0;0;28;4;0;26;6;0;35;850;16;(1,10);(2,14);(3,12);(4,11);(5,15);(6,15);(7,12);(8,12);(9,12);(10,10);
7680;0;0;28;3;0;26;7;0;35;851;16;(1,10);(2,14);(3,13);(4,11);(5,15);(6,15);(7,12);(8,12);(9,12);(10,10);
7690;0;0;28;3;0;26;7;0;35;853;16;(1,10);(2,14);(3,13);(4,11);(5,15);(6,15);(7,12);(8,12);(9,12);(10,10);
7700;0;0;28;3;0;26;7;0;35;854;16;(1,10);(2,14);(3,13);(4,11);(5,15);(6,15);(7,12);(8,12);(9,12);(10,10);
7710;0;0;28;3;0;26;7;0;35;855;16;(1,10);(2,14);(3,13);(4,11);(5,15);(6,15);(7,12);(8,12);(9,12);(10,10);
7720;0;0;28;3;0;26;7;0;35;857;16;(1,10);(2,14);(3,13);(4,11);(5,15);(6,15);(7,12);(8,12);(9,12);(10,10);
7730;0;0;28;3;0;26;7;0;35;858;16;(1,10);(2,14);(3,13);(4,11);(5,15);(6,15);(7,12);(8,12);(9,12);(10,10);
7740;0;0;28;3;0;26;7;0;35;859;16;(1,10);(2,14);(3,13);(4,11);(5,15);(6,15);(7,12);(8,12);(9,12);(10,10);
7750;0;0;28;3;0;26;7;0;35;861;16;(1,10);(2,14);(3,13);(4,11);(5,15);(6,15);(7,12);(8,12);(9,12);(10,10);
7760;0;0;28;3;0;26;7;0;35;862;16;(1,10);(2,14);(3,13);(4,11);(5,15);(6,15);(7,12);(8,12);(9,12);(10,10);
7770;0;0;28;3;0;26;7;0;35;863;16;(1,10);(2,14);(3,13);(4,11);(5,15);(6,15);(7,12);(8,12);(9,12);(10,10);
7780;0;0;28;3;0;26;7;0;35;865;16;(1,10);(2,14);(3,13);(4,11);(5,15);(6,15);(7,12);(8,12);(9,12);(10,10);
7790;0;0;28;3;0;25;7;0;36;866;16;(1,10);(2,14);(3,13);(4,11);(5,15);(6,15);(7,12);(8,12);(9,12);(10,10);
7800;0;0;28;3;0;25;7;0;36;867;16;(1,10);(2,14);(3,13);(4,11);(5,15);(6,15);(7,12);(8,12);(9,12);(10,10);
7810;0;0;28;2;0;25;8;0;36;869;16;(1,10);(2,14);(3,13);(4,12);(5,15);(6,15);(7,12);(8,12);(9,12);(10,10);
7820;0;0;28;2;0;24;8;0;37;870;16;(1,10);(2,14);(3,13);(4,12);(5,15);(6,15);(7,12);(8,12);(9,12);(10,10);
7830;0;0;28;2;0;24;8;0;37;871;16;(1,10);(2,14);(3,13);(4,12);(5,15);(6,15);(7,12);(8,12);(9,12);(10,10);
7840;0;0;28;2;0;24;8;0;37;873;16;(1,10);(2,14);(3,13);(4,12);(5,15);(6,15);(7,12);(8,12);(9,12);(10,10);
7850;0;0;28;2;0;24;8;0;37;874;16;(1,10);(2,14);(3,13);(4,12);(5,15);(6,15);(7,12);(8,12);(9,12);(10,10);
7860;0;0;28;2;0;24;8;0;37;876;16;(1,10);(2,14);(3,13);(4,12);(5,15);(6,15);(7,12);(8,12);(9,12);(10,10);
7870;0;0;28;2;0;24;8;0;37;877;16;(1,10);(2,14);(3,13);(4,12);(5,15);(6,15);(7,12);(8,12);(9,12);(10,10);
7880;0;0;28;2;0;23;8;0;38;879;16;(1,10);(2,14);(3,13);(4,12);(5,15);(6,15);(7,12);(8,12);(9,12);(10,10);
7890;0;0;28;1;0;23;9;0;38;880;16;(1,11);(2,14);(3,13);(4,12);(5,15);(6,15);(7,12);(8,12);(9,12);(10,10);
7900;0;0;28;1;0;23;9;0;38;881;16;(1,11);(2,14);(3,13);(4,12);(5,15);(6,15);(7,12);(8,12);(9,12);(10,10);
7910;0;0;28;1;0;23;9;0;38;883;16;(1,11);(2,14);(3,13);(4,12);(5,15);(6,15);(7,12);(8,12);(9,12);(10,10);
7920;0;0;28;1;0;23;9;0;38;884;16;(1,11);(2,14);(3,13);(4,12);(5,15);(6,15);(7,12);(8,12);(9,12);(10,10);
7930;0;0;28;1;0;23;9;0;38;886;16;(1,11);(2,14);(3,13);(4,12);(5,15);(6,15);(7,12);(8,12);(9,12);(10,10);
7940;0;0;28;1;0;23;9;0;38;888;16;(1,11);(2,14);(3,13);(4,12);(5,15);(6,15);(7,12);(8,12);(9,12);(10,10);
7950;0;0;28;0;0;23;10;0;38;889;16;(1,11);(2,14);(3,13);(4,12);(5,15);(6,15);(7,13);(8,12);(9,12);(10,10);
7960;0;0;28;0;0;23;10;0;38;890;16;(1,11);(2,14);(3,13);(4,12);(5,15);(6,15);(7,13);(8,12);(9,12);(10,10);
7970;0;0;28;0;0;23;10;0;38;892;16;(1,11);(2,14);(3,13);(4,12);(5,15);(6,15);(7,13);(8,12);(9,12);(10,10);
7980;0;0;28;0;0;23;10;0;38;893;16;(1,11);(2,14);(3,13);(4,12);(5,15);(6,15);(7,13);(8,12);(9,12);(10,10);
7990;0;0;28;0;0;23;10;0;38;894;16;(1,11);(2,14);(3,13);(4,12);(5,15);(6,15);(7,13);(8,12);(9,12);(10,10);
8000;0;0;33;0;0;23;10;0;38;895;16;(1,11);(2,14);(3,13);(4,12);(5,15);(6,15);(7,13);(8,12);(9,12);(10,10);
8010;0;0;33;0;0;23;10;0;38;896;16;(1,11);(2,14);(3,13);(4,12);(5,15);(6,15);(7,13);(8,12);(9,12);(10,10);
8020;0;0;33;0;0;23;10;0;37;897;17;(1,11);(2,14);(3,13);(4,12);(5,15);(6,15);(7,13);(8,12);(9,12);(10,10);
8030;0;0;33;0;0;23;10;0;36;898;18;(1,11);(2,14);(3,13);(4,12);(5,15);(6,15);(7,13);(8,12);(9,12);(10,10);
8040;0;0;33;0;0;23;10;0;36;899;18;(1,11);(2,14);(3,13);(4,12);(5,15);(6,15);(7,13);(8,12);(9,12);(10,10);
8050;0;0;33;0;0;23;10;0;35;900;19;(1,11);(2,14);(3,13);(4,12);(5,15);(6,15);(7,13);(8,12);(9,12);(10,10);
8060;0;0;33;0;0;23;10;0;35;902;19;(1,11);(2,14);(3,13);(4,12);(5,15);(6,15);(7,13);(8,12);(9,12);(10,10);
8070;0;0;33;0;0;23;10;0;35;903;19;(1,11);(2,14);(3,13);(4,12);(5,15);(6,15);(7,13);(8,12);(9,12);(10,10);
8080;0;0;33;0;0;23;10;0;35;904;19;(1,11);(2,14);(3,13);(4,12);(5,15);(6,15);(7,13);(8,12);(9,12);(10,10);
8090;0;0;33;0;0;23;10;0;35;906;19;(1,11);(2,14);(3,13);(4,12);(5,15);(6,15);(7,13);(8,12);(9,12);(10,10);
8100;0;0;33;0;0;23;10;0;35;907;19;(1,11);(2,14);(3,13);(4,12);(5,15);(6,15);(7,13);(8,12);(9,12);(10,10);
8110;0;0;33;0;0;23;10;0;35;908;19;(1,11);(2,14);(3,13);(4,12);(5,15);(6,15);(7,13);(8,12);(9,12);(10,10);
8120;0;0;33;0;0;23;10;0;35;909;19;(1,11);(2,14);(3,13);(4,12);(5,15);(6,15);(7,13);(8,12);(9,12);(10,10);
8130;0;0;33;0;0;23;10;0;35;910;19;(1,11);(2,14);(3,13);(4,12);(5,15);(6,15);(7,13);(8,12);(9,12);(10,10);
8140;0;0;33;0;0;23;10;0;35;911;19;(1,11);(2,14);(3,13);(4,12);(5,15);(6,15);(7,13);(8,12);(9,12);(10,10);
